timestamp,solar_irradiation,wind_speed,temperature,pv_generation,wind_generation,total_generation,month,hour,season
2023-01-01 00:00:00,490.1006911705069,6.667615908835452,16.192386611279765,0.0,135.34867574657596,135.34867574657596,1,0,1
2023-01-01 01:00:00,512.2317097311866,6.232786317766867,17.568983513481847,0.0,92.69012448417809,92.69012448417809,1,1,1
2023-01-01 02:00:00,577.1165730715522,7.894077486469641,22.393346810151048,0.0,321.5992229418847,321.5992229418847,1,2,1
2023-01-01 03:00:00,680.3334849822653,9.621303026303735,21.86787143467435,0.0,796.4029485868225,796.4029485868225,1,3,1
2023-01-01 04:00:00,814.8483834906222,7.303365424802476,21.744756723887658,0.0,218.63875516706537,218.63875516706537,1,4,1
2023-01-01 05:00:00,971.4943005596583,7.503190896472968,22.693398407767408,0.0,250.532193272417,250.532193272417,1,5,1
2023-01-01 06:00:00,1139.5960758107371,10.29136390257969,23.843420713249095,150.4266820070173,1063.4786826091317,1213.905364616149,1,6,1
2023-01-01 07:00:00,1307.697851061816,9.005548425626102,22.49997073743047,172.6161163401597,594.2380912727359,766.8542076128956,1,7,1
2023-01-01 08:00:00,1464.3437681308524,6.950383907985052,22.386240964710584,193.29337739327252,169.12989442958354,362.42327182285607,1,8,1
2023-01-01 09:00:00,1598.858666639209,8.150598307070645,24.623811569344813,211.0493439963756,374.8655317660222,585.9148757623977,1,9,1
2023-01-01 10:00:00,1702.075578549922,6.227418140099909,22.48560697280829,224.6739763685897,92.22914325892893,316.90311962751866,1,10,1
2023-01-01 11:00:00,1766.960441890288,5.741588139168259,25.38645321489101,233.238778329518,56.53392065084642,289.7726989803644,1,11,1
2023-01-01 12:00:00,1789.0914604509676,6.2854880866676535,21.207556188117334,236.16007277952772,97.29760667217978,333.4576794517075,1,12,1
2023-01-01 13:00:00,1766.960441890288,2.5349862221268644,26.628258978113355,233.238778329518,0.0,233.238778329518,1,13,1
2023-01-01 14:00:00,1702.075578549922,2.335167930549054,25.387547492864442,224.6739763685897,0.0,224.6739763685897,1,14,1
2023-01-01 15:00:00,1598.858666639209,3.6648998230840495,24.7441805277772,211.0493439963756,0.8064382518784031,211.855782248254,1,15,1
2023-01-01 16:00:00,1464.3437681308524,2.67124719124809,25.908232383406236,193.29337739327252,0.0,193.29337739327252,1,16,1
2023-01-01 17:00:00,1307.697851061816,4.462064025633377,26.910438986974345,172.6161163401597,8.574358572283774,181.19047491244348,1,17,1
2023-01-01 18:00:00,1139.5960758107371,2.560508566036786,25.176997432562015,150.4266820070173,0.0,150.4266820070173,1,18,1
2023-01-01 19:00:00,971.4943005596583,1.8722374747375286,18.97478207897333,0.0,0.0,0.0,1,19,1
2023-01-01 20:00:00,814.8483834906222,6.388967025132056,19.55356946312161,0.0,106.78358490871096,106.78358490871096,1,20,1
2023-01-01 21:00:00,680.3334849822653,4.169666666215704,20.276503403027107,0.0,4.390245509223733,4.390245509223733,1,21,1
2023-01-01 22:00:00,577.1165730715522,5.023836986350488,20.95900072252729,0.0,22.74202082835902,22.74202082835902,1,22,1
2023-01-01 23:00:00,512.2317097311866,3.267784309793374,21.300672398631523,0.0,0.052681465551892195,0.052681465551892195,1,23,1
2023-01-02 00:00:00,484.0586250982851,5.0543592141986355,17.903178878625113,0.0,23.786558965018358,23.786558965018358,1,0,1
2023-01-02 01:00:00,506.2029248038609,6.5549552757562495,20.380830994986457,0.0,123.25509799177173,123.25509799177173,1,1,1
2023-01-02 02:00:00,571.1267264908381,5.144442934852955,19.137995865738002,0.0,27.054900986946322,27.054900986946322,1,2,1
2023-01-02 03:00:00,674.405580365905,7.848693890878012,20.0450480607736,0.0,312.73520154583565,312.73520154583565,1,3,1
2023-01-02 04:00:00,809.0012032138516,6.70202607367708,19.0413443112356,0.0,139.19411912058183,139.19411912058183,1,4,1
2023-01-02 05:00:00,965.7411257673734,7.36524432887463,20.55200715775384,0.0,228.20656698438555,228.20656698438555,1,5,1
2023-01-02 06:00:00,1133.9437813294178,6.968373382642314,20.186831199632117,149.68057913548313,171.4510113789758,321.13159051445894,1,6,1
2023-01-02 07:00:00,1302.146436891462,10.581202230327952,21.369686700433554,171.88332966967297,1195.4095263347544,1367.2928560044274,1,7,1
2023-01-02 08:00:00,1458.886359444984,7.5827382714483855,25.79207711706992,192.57299944673787,264.04480734286716,456.617806789605,1,8,1
2023-01-02 09:00:00,1593.4819822929303,5.698580469925654,22.07526638982459,210.33962166266676,53.91487296692789,264.25449462959466,1,9,1
2023-01-02 10:00:00,1696.7608361679972,8.104750669141193,29.449059766052166,223.97243037417564,364.9438686524582,588.9162990266339,1,10,1
2023-01-02 11:00:00,1761.6846378549747,4.5573059162349185,25.298526613562874,232.54237219685666,10.361539044012943,242.9039112408696,1,11,1
2023-01-02 12:00:00,1783.8289375605502,6.184228693493543,24.724338752321792,235.46541975799263,88.57582822690097,324.04124798489363,1,12,1
2023-01-02 13:00:00,1761.6846378549747,2.4137900249617044,22.59517525143867,232.54237219685666,0.0,232.54237219685666,1,13,1
2023-01-02 14:00:00,1696.7608361679972,2.8786542276387643,25.584915395195367,223.97243037417564,0.0,223.97243037417564,1,14,1
2023-01-02 15:00:00,1593.4819822929303,4.752011592417,22.82278851501293,210.33962166266676,14.75412279181723,225.09374445448398,1,15,1
2023-01-02 16:00:00,1458.886359444984,5.246582363410647,23.92881315314496,192.57299944673787,31.107814666665096,223.68081411340296,1,16,1
2023-01-02 17:00:00,1302.146436891462,4.196134070193229,28.44160228292581,171.88332966967297,4.695069763908381,176.57839943358135,1,17,1
2023-01-02 18:00:00,1133.9437813294178,3.6974608774040485,22.69808061141548,149.68057913548313,0.9308121053918621,150.61139124087498,1,18,1
2023-01-02 19:00:00,965.7411257673734,3.487426105024339,24.697020302547003,0.0,0.317708491226617,0.317708491226617,1,19,1
2023-01-02 20:00:00,809.0012032138516,1.9210995078663906,20.44831365468027,0.0,0.0,0.0,1,20,1
2023-01-02 21:00:00,674.405580365905,3.3769534260212515,21.19810668576357,0.0,0.14694863350923063,0.14694863350923063,1,21,1
2023-01-02 22:00:00,571.1267264908381,4.179975144546727,24.19036300171567,0.0,4.5073475335735615,4.5073475335735615,1,22,1
2023-01-02 23:00:00,506.2029248038609,6.93897855010974,18.75336335045677,0.0,167.6692087596672,167.6692087596672,1,23,1
2023-01-03 00:00:00,477.9477082480976,6.334787602255314,22.721697955506965,0.0,101.7435770091257,101.7435770091257,1,0,1
2023-01-03 01:00:00,500.1063518382127,3.692438025063562,21.164935671524315,0.0,0.9108465012342392,0.9108465012342392,1,1,1
2023-01-03 02:00:00,565.0722076667811,7.3054861219948135,19.265962513237177,0.0,218.96214982267944,218.96214982267944,1,2,1
2023-01-03 03:00:00,668.4179600202392,6.655950309651241,22.2750334794496,0.0,134.0612672411218,134.0612672411218,1,3,1
2023-01-03 04:00:00,803.1007666626297,6.53602797501256,23.541909738766567,0.0,121.29685597774976,121.29685597774976,1,4,1
2023-01-03 05:00:00,959.9422168951348,8.66872625374206,23.3842279089911,0.0,499.7570424478575,499.7570424478575,1,5,1
2023-01-03 06:00:00,1128.2538250771615,9.365859451646548,19.491885305664933,148.92950491018533,707.73977696596,856.6692818761453,1,6,1
2023-01-03 07:00:00,1296.565433259188,9.148131999155055,21.609293189319548,171.1466371902128,637.5760822703403,808.7227194605531,1,7,1
2023-01-03 08:00:00,1453.4068834916934,6.2925846906375416,22.93189058733229,191.84970862090356,97.92945351119991,289.77916213210347,1,8,1
2023-01-03 09:00:00,1588.0896901340839,6.769755166498895,23.567331643869448,209.62783909769905,146.97446994716623,356.60230904486525,1,9,1
2023-01-03 10:00:00,1691.4354424875419,7.316255315007967,25.167774166059804,223.26947840835552,220.60931482483107,443.87879323318657,1,10,1
2023-01-03 11:00:00,1756.4012983161103,7.800315948791202,24.409427148248668,231.84497137772655,303.46732460340155,535.312295981128,1,11,1
2023-01-03 12:00:00,1778.5599419062255,5.100598811134686,21.426112122092906,234.76991233162178,25.429148231955285,260.19906056357706,1,12,1
2023-01-03 13:00:00,1756.4012983161103,5.023233612701854,24.814420848394086,231.84497137772655,22.721686415635393,254.56665779336194,1,13,1
2023-01-03 14:00:00,1691.4354424875419,3.15985770689358,25.147601461526094,223.26947840835552,0.011207356941737663,223.28068576529725,1,14,1
2023-01-03 15:00:00,1588.0896901340839,2.610836669408521,24.83577939793162,209.62783909769905,0.0,209.62783909769905,1,15,1
2023-01-03 16:00:00,1453.4068834916934,5.3060980939250415,25.588489309544546,191.84970862090356,33.64618262257991,225.49589124348347,1,16,1
2023-01-03 17:00:00,1296.565433259188,5.921868558180719,24.731411850067094,171.1466371902128,68.43598028961615,239.58261747982897,1,17,1
2023-01-03 18:00:00,1128.2538250771615,3.7113449855321203,23.55069490390272,148.92950491018533,0.9875140663748686,149.9170189765602,1,18,1
2023-01-03 19:00:00,959.9422168951348,5.39280786216252,22.000276561639417,0.0,37.58598606155771,37.58598606155771,1,19,1
2023-01-03 20:00:00,803.1007666626297,4.6297633979051955,18.274878972481126,0.0,11.876162933922068,11.876162933922068,1,20,1
2023-01-03 21:00:00,668.4179600202392,3.437466973621839,21.86945443960373,0.0,0.2296879874923942,0.2296879874923942,1,21,1
2023-01-03 22:00:00,565.0722076667811,5.361453576165241,20.806271439351935,0.0,36.12773244366908,36.12773244366908,1,22,1
2023-01-03 23:00:00,500.1063518382127,7.608776927396532,20.292589475004117,0.0,268.57125679761333,268.57125679761333,1,23,1
2023-01-04 00:00:00,471.77002791027803,5.714101503634683,16.28570565985743,0.0,54.850516853462175,54.850516853462175,1,0,1
2023-01-04 01:00:00,493.9440617756348,8.632444136225661,17.329720691781784,0.0,490.22239379069475,490.22239379069475,1,1,1
2023-01-04 02:00:00,558.9550396081045,2.8382229061649937,22.23960374367646,0.0,0.0,0.0,1,2,1
2023-01-04 03:00:00,662.3725707041251,8.414907881235541,20.67350966561019,0.0,435.5877781383746,435.5877781383746,1,3,1
2023-01-04 04:00:00,797.1489212250536,7.630461972225745,22.7022042062433,0.0,272.3801364106928,272.3801364106928,1,4,1
2023-01-04 05:00:00,954.0993056113387,7.251181189178945,21.939646708802577,0.0,210.78092861229777,210.78092861229777,1,5,1
2023-01-04 06:00:00,1122.527814539829,7.905481727102863,22.43424899642228,148.17367151925743,323.8526493638472,472.02632088310463,1,6,1
2023-01-04 07:00:00,1290.9563234683194,4.718338842976407,24.682537124906222,170.40623469781818,13.919668404182305,184.3259031020005,1,7,1
2023-01-04 08:00:00,1447.9067078546045,7.17038353811222,22.1372403739855,191.1236854368078,198.98963719598007,390.11332263278786,1,8,1
2023-01-04 09:00:00,1582.683058375533,7.717722981940325,23.650842027936452,208.91416370557033,288.07115623511476,496.9853199406851,1,9,1
2023-01-04 10:00:00,1686.1005894715536,8.984681629411885,22.744281365533308,222.56527781024505,588.0653940372688,810.6306718475139,1,10,1
2023-01-04 11:00:00,1751.1115673040233,5.508073325094181,22.92743466350247,231.14672688413108,43.28357808246729,274.4303049665984,1,11,1
2023-01-04 12:00:00,1773.28560116938,4.555100157959829,23.22085856456077,234.0736993543581,10.317573320030018,244.39127267438812,1,12,1
2023-01-04 13:00:00,1751.1115673040233,4.497566906717764,24.240694661634528,231.14672688413108,9.214275022453423,240.3610019065845,1,13,1
2023-01-04 14:00:00,1686.1005894715536,6.140943738852722,22.711334699616437,222.56527781024505,85.01252963916244,307.5778074494075,1,14,1
2023-01-04 15:00:00,1582.683058375533,4.846753664416043,25.970112725201528,208.91416370557033,17.279428545775843,226.19359225134616,1,15,1
2023-01-04 16:00:00,1447.9067078546045,3.241149449080175,21.38011522598124,191.1236854368078,0.03847346394414209,191.16215890075193,1,16,1
2023-01-04 17:00:00,1290.9563234683194,4.605890059391507,22.43222622463151,170.40623469781818,11.361872114973051,181.76810681279122,1,17,1
2023-01-04 18:00:00,1122.527814539829,3.9134568863216708,21.49527460088244,148.17367151925743,2.0910606520467434,150.26473217130416,1,18,1
2023-01-04 19:00:00,954.0993056113387,5.288956395520807,24.77696572524912,0.0,32.90144905981677,32.90144905981677,1,19,1
2023-01-04 20:00:00,797.1489212250536,2.982710113914704,21.7323123645212,0.0,0.0,0.0,1,20,1
2023-01-04 21:00:00,662.3725707041251,3.862133780029863,22.81630905226077,0.0,1.7580306930859098,1.7580306930859098,1,21,1
2023-01-04 22:00:00,558.9550396081045,4.179678332601373,17.162177290936715,0.0,4.503947043052601,4.503947043052601,1,22,1
2023-01-04 23:00:00,493.9440617756348,3.054930049896389,20.02593430433683,0.0,0.0004547078458580709,0.0004547078458580709,1,23,1
2023-01-05 00:00:00,465.52771223598313,6.160570166145265,20.361210343988887,0.0,86.61613013776042,86.61613013776042,1,0,1
2023-01-05 01:00:00,487.71816521397903,6.625610749023277,19.399147692393118,0.0,130.75129369934456,130.75129369934456,1,1,1
2023-01-05 02:00:00,552.7772814489738,6.724059935512093,22.00700472838532,0.0,141.69432387606057,141.69432387606057,1,2,1
2023-01-05 03:00:00,656.2713896848259,6.778722612858776,19.460789014366718,0.0,148.0258300310309,148.0258300310309,1,3,1
2023-01-05 04:00:00,791.1475374773621,5.3253844450416565,23.90064363311317,0.0,34.4974311471405,34.4974311471405,1,4,1
2023-01-05 05:00:00,948.2141382478941,7.017273418978499,26.223552145024115,0.0,177.867516370079,177.867516370079,1,5,1
2023-01-05 06:00:00,1116.767362718741,7.202317975758247,21.39180553779543,147.41329187887382,203.59598076687882,351.0092726457526,1,6,1
2023-01-05 07:00:00,1285.3205871895875,6.44482549929411,21.657710411396643,169.66231750902557,112.15125789706585,281.81357540609145,1,7,1
2023-01-05 08:00:00,1442.3871879601197,7.2065119906182655,25.81884472589961,190.39510881073582,204.2061704678767,394.60127927861254,1,8,1
2023-01-05 09:00:00,1577.263335752656,7.736679598143304,26.36049070675987,208.19876031935058,291.5576854803834,499.75644579973397,1,9,1
2023-01-05 10:00:00,1680.757443988508,9.545668602364197,22.365857829880817,221.85998260648302,769.4218387140911,991.2818213205742,1,10,1
2023-01-05 11:00:00,1745.8165602235026,6.495894560001203,22.69879942541935,230.4477859495023,117.21344851726509,347.6612344667674,1,11,1
2023-01-05 12:00:00,1768.0070132014985,6.102715336632548,23.018379535020998,233.37692574259776,81.94609532106956,315.32302106366734,1,12,1
2023-01-05 13:00:00,1745.8165602235026,5.0870827866941095,20.85027203754251,230.4477859495023,24.9414383961224,255.3892243456247,1,13,1
2023-01-05 14:00:00,1680.757443988508,1.8382329275998401,21.574273991218956,221.85998260648302,0.0,221.85998260648302,1,14,1
2023-01-05 15:00:00,1577.263335752656,4.2624053750014825,21.19306488179431,208.19876031935058,5.519490272722586,213.71825059207316,1,15,1
2023-01-05 16:00:00,1442.3871879601197,4.0746842578910645,21.37648064145595,190.39510881073582,3.405219638010391,193.8003284487462,1,16,1
2023-01-05 17:00:00,1285.3205871895875,7.479401266698194,22.479345679424625,169.66231750902557,246.58256890863083,416.2448864176564,1,17,1
2023-01-05 18:00:00,1116.767362718741,3.427848303376718,22.58591212374779,147.41329187887382,0.21486808329499762,147.6281599621688,1,18,1
2023-01-05 19:00:00,948.2141382478941,4.236859111470683,24.72675688341377,0.0,5.191145066883232,5.191145066883232,1,19,1
2023-01-05 20:00:00,791.1475374773621,3.9322712884216595,19.08524067126443,0.0,2.2229484683134286,2.2229484683134286,1,20,1
2023-01-05 21:00:00,656.2713896848259,2.549159131746008,22.46401071152063,0.0,0.0,0.0,1,21,1
2023-01-05 22:00:00,552.7772814489738,6.430623972320932,19.4480662898036,0.0,110.76991473921024,110.76991473921024,1,22,1
2023-01-05 23:00:00,487.71816521397903,6.326651209373519,19.135652294537408,0.0,101.00067429671878,101.00067429671878,1,23,1
2023-01-06 00:00:00,459.2229294607607,6.851570899199487,19.67475387750779,0.0,156.7531069032794,156.7531069032794,1,0,1
2023-01-06 01:00:00,481.4308116486991,4.81857988664785,16.732301811150244,0.0,16.500595495294366,16.500595495294366,1,1,1
2023-01-06 02:00:00,546.5410277416668,8.769214445039065,20.384029611055286,0.0,526.8081851116067,526.8081851116067,1,2,1
2023-01-06 03:00:00,650.1164241126476,4.97645994681959,20.571436471426143,0.0,21.18197838713643,21.18197838713643,1,3,1
2023-01-06 04:00:00,785.0985086653948,8.2773594269042,21.81001742119088,0.0,403.2296778299221,403.2296778299221,1,4,1
2023-01-06 05:00:00,942.28847540608,10.88255806992802,21.947259326033823,0.0,1343.705218552365,1343.705218552365,1,5,1
2023-01-06 06:00:00,1110.9740878700284,6.179218490938884,26.77124907892911,146.64857959884372,88.15837868161857,234.8069582804623,1,6,1
2023-01-06 07:00:00,1279.6597003339766,6.747428036808895,21.016401626128125,168.9150804440849,144.37844912085487,313.2935295649398,1,7,1
2023-01-06 08:00:00,1436.8496670746622,7.546550833835256,21.59324800209314,189.6641560538554,257.8390075774733,447.5031636313287,1,8,1
2023-01-06 09:00:00,1571.8317516274092,6.324023059833713,21.698231502881487,207.481791214818,100.7614831054882,308.2432743203062,1,9,1
2023-01-06 10:00:00,1675.40714799839,4.339027832035717,22.043789786299413,221.15374353578747,6.586751506270537,227.740495042058,1,10,1
2023-01-06 11:00:00,1740.5173640913576,6.285505531049,22.007564945430598,229.74829206005919,97.2991564926527,327.0474485527119,1,11,1
2023-01-06 12:00:00,1762.725246279296,4.071567408045759,25.703147955389685,232.6797325088671,3.3756775486714625,236.05541005753855,1,12,1
2023-01-06 13:00:00,1740.5173640913576,5.857773534382647,26.123347696023345,229.74829206005919,64.0303531599771,293.7786452200363,1,13,1
2023-01-06 14:00:00,1675.40714799839,3.2858866272842127,22.01325143712097,221.15374353578747,0.06410383188684476,221.21784736767432,1,14,1
2023-01-06 15:00:00,1571.8317516274092,6.5757110237881315,21.27980140952256,207.481791214818,125.42661668763117,332.9084079024492,1,15,1
2023-01-06 16:00:00,1436.8496670746622,2.758092232561684,23.598073024869585,189.6641560538554,0.0,189.6641560538554,1,16,1
2023-01-06 17:00:00,1279.6597003339766,3.250079051748267,21.187435506068816,168.9150804440849,0.04290761835439846,168.9579880624393,1,17,1
2023-01-06 18:00:00,1110.9740878700284,4.8852988046894215,23.12651243461834,146.64857959884372,18.384128369840266,165.03270796868398,1,18,1
2023-01-06 19:00:00,942.28847540608,1.8868748514058469,21.774768079920786,0.0,0.0,0.0,1,19,1
2023-01-06 20:00:00,785.0985086653948,4.274162072972233,17.79362666318012,0.0,5.675138805634155,5.675138805634155,1,20,1
2023-01-06 21:00:00,650.1164241126476,6.211523547685464,23.333542457660155,0.0,90.87319539035998,90.87319539035998,1,21,1
2023-01-06 22:00:00,546.5410277416668,2.2537981267930745,23.21096546487823,0.0,0.0,0.0,1,22,1
2023-01-06 23:00:00,481.4308116486991,5.4243356762283295,17.75216847330607,0.0,39.09135505737904,39.09135505737904,1,23,1
2023-01-07 00:00:00,452.857887102817,6.003579659014893,17.293374218339324,0.0,74.33955052098675,74.33955052098675,1,0,1
2023-01-07 01:00:00,475.08418868994517,7.304127865513265,19.293139080761357,0.0,218.75498649379236,218.75498649379236,1,1,1
2023-01-07 02:00:00,540.2484077288664,4.758329401325135,20.031786143697943,0.0,14.91431054025619,14.91431054025619,1,2,1
2023-01-07 03:00:00,643.9097103810423,5.047284110388938,21.299283045382403,0.0,23.541645444287294,23.541645444287294,1,3,1
2023-01-07 04:00:00,779.0037501791294,8.128718623636482,24.58918641574399,0.0,370.1085231996284,370.1085231996284,1,4,1
2023-01-07 05:00:00,936.3240915643441,7.991084130070173,20.758690028266795,0.0,341.10425634448615,341.10425634448615,1,5,1
2023-01-07 06:00:00,1105.1496132554414,7.989494743161073,20.007716755067122,145.87974894971828,340.77849103987575,486.658239989594,1,6,1
2023-01-07 07:00:00,1273.9751349465387,8.065279434465857,19.276905583638413,168.1647178129431,356.54364015221415,524.7083579651572,1,7,1
2023-01-07 08:00:00,1431.295476331754,6.325769192843399,20.937044277249644,188.93100287579148,100.92035871091325,289.85136158670474,1,8,1
2023-01-07 09:00:00,1566.3895161298406,7.376349575756858,22.62192105502013,206.76341612913893,229.9526843707877,436.7161004999266,1,9,1
2023-01-07 10:00:00,1670.0508187820164,7.05336417759028,26.487522196692208,220.44670807922617,182.70454133550706,403.15124941473323,1,10,1
2023-01-07 11:00:00,1735.215037820938,5.059866430807748,21.990779047007997,229.0483849923638,23.978369458383,253.0267544507468,1,11,1
2023-01-07 12:00:00,1757.441339408066,8.412417234359392,23.51635324148909,231.98225680186468,434.9869942859603,666.969251087825,1,12,1
2023-01-07 13:00:00,1735.215037820938,5.806866758804897,22.993155852934837,229.0483849923638,60.66914285552168,289.7175278478855,1,13,1
2023-01-07 14:00:00,1670.0508187820164,2.8268002218382855,25.275193016552798,220.44670807922617,0.0,220.44670807922617,1,14,1
2023-01-07 15:00:00,1566.3895161298406,5.184372318219908,27.742039852514967,206.76341612913893,28.594496914076483,235.3579130432154,1,15,1
2023-01-07 16:00:00,1431.295476331754,2.419682154732399,21.337166811292843,188.93100287579148,0.0,188.93100287579148,1,16,1
2023-01-07 17:00:00,1273.9751349465387,4.8625307206778,21.056665154631023,168.1647178129431,17.726083943352428,185.89080175629553,1,17,1
2023-01-07 18:00:00,1105.1496132554414,5.351648836153364,23.69263299828217,145.87974894971828,35.6795919451609,181.55934089487917,1,18,1
2023-01-07 19:00:00,936.3240915643441,2.450880337536555,22.47636746250752,0.0,0.0,0.0,1,19,1
2023-01-07 20:00:00,779.0037501791294,5.326768853939863,24.26219198968336,0.0,34.559081584250215,34.559081584250215,1,20,1
2023-01-07 21:00:00,643.9097103810423,4.81871329567391,21.15005087068867,0.0,16.504227158464488,16.504227158464488,1,21,1
2023-01-07 22:00:00,540.2484077288664,5.8468457076339915,18.644288382149778,0.0,63.2986222719569,63.2986222719569,1,22,1
2023-01-07 23:00:00,475.08418868994517,7.941306851418135,19.90271796069617,0.0,330.9999587120144,330.9999587120144,1,23,1
2023-01-08 00:00:00,446.434831135679,5.194520235236071,20.0304192073677,0.0,28.99487471798816,28.99487471798816,1,0,1
2023-01-08 01:00:00,468.6805212552994,4.949636252909183,20.10660736969687,0.0,20.3312107792545,20.3312107792545,1,1,1
2023-01-08 02:00:00,533.9015845952493,5.228330764802092,20.12165533392908,0.0,30.35578276229798,30.35578276229798,1,2,1
2023-01-08 03:00:00,637.653313471815,5.7531005441653145,21.859778587205643,0.0,57.24910270478398,57.24910270478398,1,3,1
2023-01-08 04:00:00,772.8651990198966,7.179000652688098,22.65160322709323,0.0,200.22568322282694,200.22568322282694,1,4,1
2023-01-08 05:00:00,930.3227746875986,8.00618202404348,23.62113717332054,0.0,344.20912291040077,344.20912291040077,1,5,1
2023-01-08 06:00:00,1099.2955669041141,7.977638608235405,22.645965727313907,145.10701483134306,338.35496547015697,483.46198030150003,1,6,1
2023-01-08 07:00:00,1268.2683591206294,8.735228935372549,21.445542587024352,167.41142340392307,517.5528957050506,684.9643191089737,1,7,1
2023-01-08 08:00:00,1425.7259347883314,7.314156054626115,22.43656643799072,188.19582339205976,220.28758372560384,408.4834071176636,1,8,1
2023-01-08 09:00:00,1560.937820336413,9.157117087349448,24.845427641775032,206.04379228440652,640.3754952425967,846.4192875270032,1,9,1
2023-01-08 10:00:00,1664.6895492129784,6.165617159383443,21.00876983567275,219.73902049611317,87.03173502046435,306.77075551657754,1,10,1
2023-01-08 11:00:00,1729.9106125529286,10.160494249329847,23.50758297081674,228.34820085698655,1007.2365300758281,1235.5847309328146,1,11,1
2023-01-08 12:00:00,1752.156302672549,6.501103430887886,22.026334421547162,231.28463195277646,117.73817248518631,349.0228044379628,1,12,1
2023-01-08 13:00:00,1729.9106125529286,3.7592279844109115,22.82772599894057,228.34820085698655,1.200657365776404,229.54885822276296,1,13,1
2023-01-08 14:00:00,1664.6895492129784,2.956263662148709,25.19954490286182,219.73902049611317,0.0,219.73902049611317,1,14,1
2023-01-08 15:00:00,1560.937820336413,4.8720974697320605,22.814607844798125,206.04379228440652,18.000635433370192,224.04442771777673,1,15,1
2023-01-08 16:00:00,1425.7259347883314,3.495357423682724,22.236012161436374,188.19582339205976,0.33347132502194193,188.5292947170817,1,16,1
2023-01-08 17:00:00,1268.2683591206294,4.7017514978003785,19.06006646569822,167.41142340392307,13.520442076267782,180.93186548019085,1,17,1
2023-01-08 18:00:00,1099.2955669041141,4.272458846100694,22.841053084189063,145.10701483134306,5.65241061307112,150.75942544441418,1,18,1
2023-01-08 19:00:00,930.3227746875986,3.5215073876769307,22.14778755352764,0.0,0.38912027700441254,0.38912027700441254,1,19,1
2023-01-08 20:00:00,772.8651990198966,2.560361024568892,24.639521492812804,0.0,0.0,0.0,1,20,1
2023-01-08 21:00:00,637.653313471815,1.8761180098384838,19.110872738121333,0.0,0.0,0.0,1,21,1
2023-01-08 22:00:00,533.9015845952493,3.8928299811398444,19.54540792704237,0.0,1.9525796716744266,1.9525796716744266,1,22,1
2023-01-08 23:00:00,468.6805212552994,6.329562510520542,18.964410374723656,0.0,101.26607703897524,101.26607703897524,1,23,1
2023-01-09 00:00:00,439.95604513494203,5.832719577379756,20.712801365449202,0.0,62.36102135210701,62.36102135210701,1,0,1
2023-01-09 01:00:00,462.22207073783585,4.16060888332151,18.019934702248605,0.0,4.289040413139582,4.289040413139582,1,1,1
2023-01-09 02:00:00,527.5027546980268,6.7713503499612235,19.410033082975534,0.0,147.1611270027903,147.1611270027903,1,2,1
2023-01-09 03:00:00,631.3493262850593,7.5037685931508005,20.68710498718078,0.0,250.62862501620668,250.62862501620668,1,3,1
2023-01-09 04:00:00,766.6848132598507,5.917843614451629,20.43111305223497,0.0,68.15355310491616,68.15355310491616,1,4,1
2023-01-09 05:00:00,924.2863258375354,7.674018272680879,19.708834721864797,0.0,280.1390716015667,280.1390716015667,1,5,1
2023-01-09 06:00:00,1093.413581384759,7.59889203885345,21.481608697651605,144.33059274278818,266.84686849281746,411.1774612356056,1,6,1
2023-01-09 07:00:00,1262.5408369319823,5.728975167016652,23.671925007097972,166.65539047502168,55.75723365573035,222.41262413075202,1,7,1
2023-01-09 08:00:00,1420.1423495096674,7.780310809275753,19.834991226022325,187.4587901352761,299.68904765233714,487.14783778761324,1,8,1
2023-01-09 09:00:00,1555.4778364844585,7.766969313109897,22.44323181677244,205.32307441594853,297.1868138907801,502.5098883067286,1,9,1
2023-01-09 10:00:00,1659.324408071491,8.136155825947366,20.987282307489245,219.03082186543682,371.720952517214,590.7517743826509,1,10,1
2023-01-09 11:00:00,1724.605092031682,7.609920129441847,24.90521237064099,227.64787214818202,268.77116279000967,496.41903493819166,1,11,1
2023-01-09 12:00:00,1746.8711176345757,3.445074909248814,19.511520996354704,230.58698752776397,0.24188102662173547,230.8288685543857,1,12,1
2023-01-09 13:00:00,1724.605092031682,3.587203311106725,21.397275418248128,227.64787214818202,0.5554793961982264,228.20335154438024,1,13,1
2023-01-09 14:00:00,1659.324408071491,5.284131861997441,23.141947687496636,219.03082186543682,32.69384378376516,251.724665649202,1,14,1
2023-01-09 15:00:00,1555.4778364844585,4.868044325179669,25.30834052694737,205.32307441594853,17.88397270520607,223.2070471211546,1,15,1
2023-01-09 16:00:00,1420.1423495096674,4.552099683074646,21.75652130269847,187.4587901352761,10.257967010502695,197.7167571457788,1,16,1
2023-01-09 17:00:00,1262.5408369319823,9.358824544588396,20.41426245399203,166.65539047502168,705.3960007063729,872.0513911813946,1,17,1
2023-01-09 18:00:00,1093.413581384759,4.367914727224201,24.85574285073617,144.33059274278818,7.02230265372802,151.3528953965162,1,18,1
2023-01-09 19:00:00,924.2863258375354,5.283075768877212,17.70567415013337,0.0,32.64851568920271,32.64851568920271,1,19,1
2023-01-09 20:00:00,766.6848132598507,5.210530798855377,15.660282892682089,0.0,29.634129745414583,29.634129745414583,1,20,1
2023-01-09 21:00:00,631.3493262850593,5.074452275770052,20.35134086785437,0.0,24.49135488870886,24.49135488870886,1,21,1
2023-01-09 22:00:00,527.5027546980268,4.038675094223931,17.847881582729638,0.0,3.0742672707354997,3.0742672707354997,1,22,1
2023-01-09 23:00:00,462.22207073783585,6.132394701719308,16.168060132761088,0.0,84.32025465408452,84.32025465408452,1,23,1
2023-01-10 00:00:00,433.42384939877786,4.301462421016955,18.720214108715275,0.0,6.04779922775585,6.04779922775585,1,0,1
2023-01-10 01:00:00,455.7111341491693,5.623110422918342,18.443733602759224,0.0,49.5167561995008,49.5167561995008,1,1,1
2023-01-10 02:00:00,521.0541467760838,5.732654921079658,17.469439178155714,0.0,55.98308732713275,55.98308732713275,1,2,1
2023-01-10 03:00:00,624.9998689534312,6.997725014275892,16.65630957860023,0.0,175.28357415689723,175.28357415689723,1,3,1
2023-01-10 04:00:00,760.4645714932533,10.664738900402455,21.54841587067686,0.0,1235.3629235822032,1235.3629235822032,1,4,1
2023-01-10 05:00:00,918.2165587834666,4.591654106513828,21.647710715077494,0.0,11.062379411809733,11.062379411809733,1,5,1
2023-01-10 06:00:00,1087.5052935877286,8.490090528385084,20.64068339249054,143.55069875358015,453.98445744503846,597.5351561986186,1,6,1
2023-01-10 07:00:00,1256.7940283919904,4.9734780886169725,24.963541907668077,165.89681174774273,21.086252066609433,186.98306381435216,1,7,1
2023-01-10 08:00:00,1414.546015682204,6.484853251708041,19.49345870038646,186.72007407005094,116.10634424437114,302.8264183144221,1,8,1
2023-01-10 09:00:00,1550.0107182220258,8.508339700647458,18.871848534823524,204.60141480530743,458.52668312428443,663.1280979295918,1,9,1
2023-01-10 10:00:00,1653.9564403993732,6.557120271466507,20.749314205799422,218.32225013271722,123.48042513301975,341.802675265737,1,10,1
2023-01-10 11:00:00,1719.2994530262877,4.361721166134396,22.169553488274623,226.94752779946998,6.927348418079066,233.87487621754906,1,11,1
2023-01-10 12:00:00,1741.586737776679,4.387744678933361,22.790180112761952,229.88944938652162,7.332147274685027,237.22159666120663,1,12,1
2023-01-10 13:00:00,1719.2994530262877,5.962458776020286,21.77825340527296,226.94752779946998,71.32789611947561,298.2754239189456,1,13,1
2023-01-10 14:00:00,1653.9564403993732,3.3651502952476093,22.837241138590503,218.32225013271722,0.1335726172594445,218.45582274997665,1,14,1
2023-01-10 15:00:00,1550.0107182220258,4.371174564823182,19.419820028292115,204.60141480530743,7.072626320813981,211.6740411261214,1,15,1
2023-01-10 16:00:00,1414.546015682204,3.7970071951101576,24.52115744118528,186.72007407005094,1.3889582560218543,188.1090323260728,1,16,1
2023-01-10 17:00:00,1256.7940283919904,2.551448068836452,21.10596555878761,165.89681174774273,0.0,165.89681174774273,1,17,1
2023-01-10 18:00:00,1087.5052935877286,6.676616376811302,23.073626783225563,143.55069875358015,136.3475753667224,279.8982741203025,1,18,1
2023-01-10 19:00:00,918.2165587834666,4.479727123722194,21.032759051915583,0.0,8.888886710540074,8.888886710540074,1,19,1
2023-01-10 20:00:00,760.4645714932533,0.6909355552680254,20.717007652424137,0.0,0.0,0.0,1,20,1
2023-01-10 21:00:00,624.9998689534312,4.32616815260436,20.356452936406427,0.0,6.398795787516169,6.398795787516169,1,21,1
2023-01-10 22:00:00,521.0541467760838,3.468020545670731,19.493013559663805,0.0,0.28125303862175605,0.28125303862175605,1,22,1
2023-01-10 23:00:00,455.7111341491693,6.221712154812606,19.241577694951918,0.0,91.74083193672442,91.74083193672442,1,23,1
2023-01-11 00:00:00,426.8406000418802,4.221200222970221,19.70821171336122,0.0,4.996467790656637,4.996467790656637,1,0,1
2023-01-11 01:00:00,449.15004323716437,5.755514758623964,18.095579953599554,0.0,57.39984131040122,57.39984131040122,1,1,1
2023-01-11 02:00:00,514.5580211373563,7.167462249089957,19.762009393785984,0.0,198.57176257861536,198.57176257861536,1,2,1
2023-01-11 03:00:00,618.6070881403523,8.122827684247548,18.783852426347355,0.0,368.834647396123,368.834647396123,1,3,1
2023-01-11 04:00:00,754.2064722791115,5.341587527604485,22.430141083995302,0.0,35.223593126382596,35.223593126382596,1,4,1
2023-01-11 05:00:00,912.1152996131544,6.840081129435985,18.74092919402142,0.0,155.35443890935196,155.35443890935196,1,5,1
2023-01-11 06:00:00,1081.5723445163426,6.697563363877837,24.187321424850726,142.76754947615723,138.69133948660374,281.45888896276097,1,6,1
2023-01-11 07:00:00,1251.0293894195306,6.36183913433684,20.93635745326385,165.13587940337806,104.23972393413602,269.37560333751406,1,7,1
2023-01-11 08:00:00,1408.938216753574,9.790213498609795,18.518483467782453,185.97984461147175,858.920080692114,1044.8999253035856,1,8,1
2023-01-11 09:00:00,1544.5376008923329,7.4316674594338,21.92551314547437,203.87896331778794,238.78330625612625,442.66226957391416,1,9,1
2023-01-11 10:00:00,1648.586667895329,4.518655399116704,20.517432469591938,217.61344016218342,9.609044016970444,227.22248417915387,1,10,1
2023-01-11 11:00:00,1713.9946457955207,7.304412341406478,23.688418057942858,226.2472932450087,218.7983643640094,445.0456576090181,1,11,1
2023-01-11 12:00:00,1736.304088990805,8.593215626138221,20.744658694491577,229.19213974678624,480.0507518810881,709.2428916278743,1,12,1
2023-01-11 13:00:00,1713.9946457955207,6.441041131240951,21.11476409353585,226.2472932450087,111.78204713167423,338.02934037668297,1,13,1
2023-01-11 14:00:00,1648.586667895329,2.130926381688252,18.100454322650634,217.61344016218342,0.0,217.61344016218342,1,14,1
2023-01-11 15:00:00,1544.5376008923329,3.269416658946801,20.764691677154637,203.87896331778794,0.053650751016344034,203.93261406880427,1,15,1
2023-01-11 16:00:00,1408.938216753574,5.57829724683033,16.53227501876064,185.97984461147175,47.022035164824125,233.00187977629588,1,16,1
2023-01-11 17:00:00,1251.0293894195306,2.4166254796129643,17.848867707581086,165.13587940337806,0.0,165.13587940337806,1,17,1
2023-01-11 18:00:00,1081.5723445163426,4.075710472838614,22.10626987131769,142.76754947615723,3.41498387865455,146.18253335481177,1,18,1
2023-01-11 19:00:00,912.1152996131544,4.64008075818514,21.665314115441628,0.0,12.10314308294226,12.10314308294226,1,19,1
2023-01-11 20:00:00,754.2064722791115,2.28753481568327,20.400821776666287,0.0,0.0,0.0,1,20,1
2023-01-11 21:00:00,618.6070881403523,3.9064797341534763,17.029371528663383,0.0,2.043509988573226,2.043509988573226,1,21,1
2023-01-11 22:00:00,514.5580211373563,0.0,18.248579166325005,0.0,0.0,0.0,1,22,1
2023-01-11 23:00:00,449.15004323716437,3.3557617784127936,17.69533253601548,0.0,0.1235322437359252,0.1235322437359252,1,23,1
2023-01-12 00:00:00,420.2086880625179,4.980585026590872,14.480456890017974,0.0,21.314882436055143,21.314882436055143,1,0,1
2023-01-12 01:00:00,442.5411635779619,4.005400570938379,20.45661383303762,0.0,2.7881738513812606,2.7881738513812606,1,1,1
2023-01-12 02:00:00,508.0166688240768,8.808054209578065,19.846006075067006,0.0,537.5197807851215,537.5197807851215,1,2,1
2023-01-12 03:00:00,612.1731563217288,4.6284387491127585,18.26867508256918,0.0,11.847228129337987,11.847228129337987,1,3,1
2023-01-12 04:00:00,747.9125335746868,6.431421331204014,19.35095794639212,0.0,110.84716940739223,110.84716940739223,1,4,1
2023-01-12 05:00:00,905.9843863430883,7.487399772187886,20.257759029341766,0.0,247.90583675564326,247.90583675564326,1,5,1
2023-01-12 06:00:00,1075.6163790868554,9.521347187279785,16.249250437487216,141.98136203946493,760.8769599796162,902.8583220190811,1,6,1
2023-01-12 07:00:00,1245.2483718306223,5.137495679489589,20.269598204818042,164.37278508164215,26.792806281134833,191.16559136277698,1,7,1
2023-01-12 08:00:00,1403.3202245990242,8.83623368948193,19.763344791329654,185.2382696470712,545.3816066650813,730.6198763121525,1,8,1
2023-01-12 09:00:00,1539.0596018519818,6.789000407583088,19.41334391116966,203.15586744446162,149.23697016029456,352.3928376047562,1,9,1
2023-01-12 10:00:00,1643.2160893496339,4.887174277108686,21.064614814076492,216.90452379415166,18.439047891693093,235.34357168584475,1,10,1
2023-01-12 11:00:00,1708.691594595749,6.570230555280561,25.349783628971156,225.54729048663884,124.8507785495085,350.3980690361474,1,11,1
2023-01-12 12:00:00,1731.024070111193,5.658026797040817,23.07887199093708,228.4951772546775,51.52055494680942,280.0157322014869,1,12,1
2023-01-12 13:00:00,1708.691594595749,3.9414738477373787,20.612052595706515,225.54729048663884,2.289429367529073,227.8367198541679,1,13,1
2023-01-12 14:00:00,1643.2160893496339,4.464140381165642,22.77198096256072,216.90452379415166,8.61094119541216,225.5154649895638,1,14,1
2023-01-12 15:00:00,1539.0596018519818,3.367253296014878,24.2152948041315,203.15586744446162,0.13589377837040362,203.29176122283204,1,15,1
2023-01-12 16:00:00,1403.3202245990242,3.7976624639886074,22.97658065315079,185.2382696470712,1.3923869186960387,186.63065656576725,1,16,1
2023-01-12 17:00:00,1245.2483718306223,4.420781612884046,20.883213709699586,164.37278508164215,7.868364158160039,172.24114923980218,1,17,1
2023-01-12 18:00:00,1075.6163790868554,5.73846247789864,19.03884661892465,141.98136203946493,56.340779493686824,198.32214153315175,1,18,1
2023-01-12 19:00:00,905.9843863430883,1.5708623528622019,21.237440040673846,0.0,0.0,0.0,1,19,1
2023-01-12 20:00:00,747.9125335746868,6.826936508096136,20.08415703924656,0.0,153.7645559273909,153.7645559273909,1,20,1
2023-01-12 21:00:00,612.1731563217288,1.0170919920237642,20.500989870283973,0.0,0.0,0.0,1,21,1
2023-01-12 22:00:00,508.0166688240768,4.1317596111272366,19.361625097279607,0.0,3.9770865405142386,3.9770865405142386,1,22,1
2023-01-12 23:00:00,442.5411635779619,5.724274973202434,19.54892266014199,0.0,55.4696326216183,55.4696326216183,1,23,1
2023-01-13 00:00:00,413.5305383823779,5.730570790910713,15.474944523419683,0.0,55.85509413235081,55.85509413235081,1,0,1
2023-01-13 01:00:00,435.8868936419941,4.892671799782315,19.83283403890973,0.0,18.60066200947797,18.60066200947797,1,1,1
2023-01-13 02:00:00,501.4324107555238,5.996899613772252,18.234709381438222,0.0,73.84465309630043,73.84465309630043,1,2,1
2023-01-13 03:00:00,605.7002710507684,5.98379514969301,22.609353853616803,0.0,72.88018699842145,72.88018699842145,1,3,1
2023-01-13 04:00:00,741.5847921593935,6.157086661460724,17.667039310361684,0.0,86.33004701567198,86.33004701567198,1,4,1
2023-01-13 05:00:00,899.8256685276343,8.515337787417838,23.061149697914924,0.0,460.2765141393027,460.2765141393027,1,5,1
2023-01-13 06:00:00,1069.6390459364088,7.844606218255735,20.476770419398854,141.192354063606,311.9449175617745,453.1372716253805,1,6,1
2023-01-13 07:00:00,1239.452423345183,6.20157024899532,19.2093456407681,163.60771988156415,90.03089636091705,253.6386162424812,1,7,1
2023-01-13 08:00:00,1397.693299713424,8.390533610026917,19.90777029735437,184.495515562172,429.73204685865915,614.2275624208312,1,8,1
2023-01-13 09:00:00,1533.577820822049,7.184245832996173,20.524117992708614,202.43227234851048,200.98055641611487,403.4128287646254,1,9,1
2023-01-13 10:00:00,1637.8456811172937,7.528376167566605,22.223375970789995,216.19562990748278,254.75924642335968,470.95487633084247,1,10,1
2023-01-13 11:00:00,1703.3911982308232,6.771164342398625,22.54831022948087,224.84763816646864,147.13935358217026,371.9869917486389,1,11,1
2023-01-13 12:00:00,1725.7475534904393,4.065590472925056,20.39801493866366,227.79867706073802,3.3195059715482222,231.11818303228623,1,12,1
2023-01-13 13:00:00,1703.3911982308232,3.9511733388076684,21.453930068887907,224.84763816646864,2.3609210976691495,227.2085592641378,1,13,1
2023-01-13 14:00:00,1637.8456811172937,5.430023396993058,25.659584795209888,216.19562990748278,39.36713710481104,255.56276701229382,1,14,1
2023-01-13 15:00:00,1533.577820822049,4.810424825085268,24.619898949298676,202.43227234851048,16.27960847311058,218.71188082162107,1,15,1
2023-01-13 16:00:00,1397.693299713424,3.5456797907930655,21.748189304811078,184.495515562172,0.4457753784744904,184.94129094064647,1,16,1
2023-01-13 17:00:00,1239.452423345183,3.5532224116932007,20.588188604333396,163.60771988156415,0.46451716205527804,164.07223704361942,1,17,1
2023-01-13 18:00:00,1069.6390459364088,5.225580332990802,20.32101150591008,141.192354063606,30.243516889663375,171.43587095326936,1,18,1
2023-01-13 19:00:00,899.8256685276343,2.4898742534762826,20.81625803704526,0.0,0.0,0.0,1,19,1
2023-01-13 20:00:00,741.5847921593935,4.397678253494344,16.999829816144008,0.0,7.490729103319792,7.490729103319792,1,20,1
2023-01-13 21:00:00,605.7002710507684,3.591580448284228,17.94407903351958,0.0,0.5679942036394746,0.5679942036394746,1,21,1
2023-01-13 22:00:00,501.4324107555238,3.982561184467333,14.502342024298247,0.0,2.6024433111261143,2.6024433111261143,1,22,1
2023-01-13 23:00:00,435.8868936419941,6.439610177083907,17.99649215285164,0.0,111.64265169494645,111.64265169494645,1,23,1
2023-01-14 00:00:00,406.8086088588742,6.497057982039239,17.58905917219145,0.0,117.33051220002511,117.33051220002511,1,0,1
2023-01-14 01:00:00,429.189663833654,6.996836002763193,15.98092532928748,0.0,175.16666181481773,175.16666181481773,1,1,1
2023-01-14 02:00:00,494.80759684790434,8.217151669288688,20.73673604487864,0.0,389.58556286040823,389.58556286040823,1,2,1
2023-01-14 03:00:00,599.1906542054655,6.704652783379427,15.756553128606738,0.0,139.49061786360116,139.49061786360116,1,3,1
2023-01-14 04:00:00,735.2253030485782,8.013913723068518,15.86591753236633,0.0,345.80640822788587,345.80640822788587,1,4,1
2023-01-14 05:00:00,893.6410068664704,6.725384976245146,19.78737807494952,0.0,141.8456245248332,141.8456245248332,1,5,1
2023-01-14 06:00:00,1063.641997238282,7.745182987289857,21.924397803943016,140.40074363545324,293.13073797496094,433.5314816104142,1,6,1
2023-01-14 07:00:00,1233.6429876100935,6.995570529583803,23.629289377157885,162.84087436453237,175.00033134599028,337.8412057105227,1,7,1
2023-01-14 08:00:00,1392.058691427986,7.136478213615149,19.707025785970284,183.75174726849417,194.17561583417668,377.9273631026708,1,8,1
2023-01-14 09:00:00,1528.0933402710987,7.565882559085659,23.071426622204996,201.708320915785,261.14197074061127,462.8502916563963,1,9,1
2023-01-14 10:00:00,1632.47639762866,5.031602433706985,21.047279485229897,215.4868844869831,23.004809462738596,238.49169394972168,1,10,1
2023-01-14 11:00:00,1698.0943306429103,8.915152462290425,20.906636999773383,224.14845164486414,567.8064169680633,791.9548686129275,1,11,1
2023-01-14 12:00:00,1720.4753856176899,3.749907386307641,23.061987167759316,227.10275090153507,1.1569786932572443,228.25972959479233,1,12,1
2023-01-14 13:00:00,1698.0943306429103,2.920012449170554,22.55653735648186,224.14845164486414,0.0,224.14845164486414,1,13,1
2023-01-14 14:00:00,1632.47639762866,5.996099768807296,17.97151211026281,215.4868844869831,73.78554349711291,289.272427984096,1,14,1
2023-01-14 15:00:00,1528.0933402710987,5.032213937128503,23.867145654794196,201.708320915785,23.025588756193248,224.73390967197827,1,15,1
2023-01-14 16:00:00,1392.058691427986,4.463062376566549,23.384977020003067,183.75174726849417,8.59193522821736,192.34368249671152,1,16,1
2023-01-14 17:00:00,1233.6429876100935,4.2696000698754775,19.010308591223087,162.84087436453237,5.614399087598201,168.45527345213057,1,17,1
2023-01-14 18:00:00,1063.641997238282,3.240563299286822,20.621808265593526,140.40074363545324,0.03819359878157314,140.4389372342348,1,18,1
2023-01-14 19:00:00,893.6410068664704,1.9812002487503098,20.326534810395053,0.0,0.0,0.0,1,19,1
2023-01-14 20:00:00,735.2253030485782,3.640589488278906,19.316014824433786,0.0,0.7211770386697179,0.7211770386697179,1,20,1
2023-01-14 21:00:00,599.1906542054655,2.828977328915931,17.10747414692058,0.0,0.0,0.0,1,21,1
2023-01-14 22:00:00,494.80759684790434,5.72161305868382,16.245515782422473,0.0,55.3071917593309,55.3071917593309,1,22,1
2023-01-14 23:00:00,429.189663833654,4.520709296098943,16.89619011190334,0.0,9.648083861778325,9.648083861778325,1,23,1
2023-01-15 00:00:00,400.04538926962107,3.9707577266272107,18.39047564759862,0.0,2.509776422938637,2.509776422938637,1,0,1
2023-01-15 01:00:00,422.4519355043006,5.24456284954153,17.784848879369015,0.0,31.023999078902968,31.023999078902968,1,1,1
2023-01-15 02:00:00,488.1446051110142,6.8284007032294145,16.597884170420283,0.0,153.94111553159016,153.94111553159016,1,2,1
2023-01-15 03:00:00,592.6465512183339,5.7776302549831104,19.50183219220203,0.0,58.79302005320523,58.79302005320523,1,3,1
2023-01-15 04:00:00,728.8361388966775,5.7077237360352076,12.847932367819741,0.0,54.46475111729634,54.46475111729634,1,4,1
2023-01-15 05:00:00,887.4322728097003,7.506385991631983,21.3863561548677,0.0,251.06584305644037,251.06584305644037,1,5,1
2023-01-15 06:00:00,1057.626888523734,7.576453378479062,16.10112395745643,139.60674928513285,262.9599416441591,402.5666909292919,1,6,1
2023-01-15 07:00:00,1227.8215042377672,6.380440411337419,19.286902427729803,162.07243855938526,105.97961117341899,268.0520497328042,1,7,1
2023-01-15 08:00:00,1386.4176381507903,6.234496870957371,18.135804838749795,183.0071282359043,92.83733677827047,275.8444650141748,1,8,1
2023-01-15 09:00:00,1522.6072258291338,6.971291990225527,18.075052320194516,200.98415380944564,171.82957933889332,372.813733148339,1,9,1
2023-01-15 10:00:00,1627.1091719364535,4.0368770095699915,23.196300315282272,214.77841069561185,3.058328997997123,217.836739693609,1,10,1
2023-01-15 11:00:00,1692.801841543167,3.6154459504561878,20.06683951332516,223.44984308369803,0.6395466415392321,224.08938972523725,1,11,1
2023-01-15 12:00:00,1715.2083877778466,4.131337189937324,21.738025372541323,226.40750718667576,3.9726349450334517,230.38014213170922,1,12,1
2023-01-15 13:00:00,1692.801841543167,4.371194704043166,20.908400758190574,223.44984308369803,7.0729379644363055,230.52278104813433,1,13,1
2023-01-15 14:00:00,1627.1091719364535,4.675364870212986,21.828728394971474,214.77841069561185,12.901217039786346,227.67962773539818,1,14,1
2023-01-15 15:00:00,1522.6072258291338,6.007824284867212,20.818059053756837,200.98415380944564,74.65516363598395,275.6393174454296,1,15,1
2023-01-15 16:00:00,1386.4176381507903,4.76344214905013,17.809160179624946,183.0071282359043,15.044789582926235,198.05191781883053,1,16,1
2023-01-15 17:00:00,1227.8215042377672,3.037244074292701,22.004317949430348,162.07243855938526,0.00014173399226633928,162.07258029337754,1,17,1
2023-01-15 18:00:00,1057.626888523734,3.1804792099619448,18.593038348690005,139.60674928513285,0.016128129835745332,139.6228774149686,1,18,1
2023-01-15 19:00:00,887.4322728097003,1.773357822281128,15.975660956803996,0.0,0.0,0.0,1,19,1
2023-01-15 20:00:00,728.8361388966775,3.449183010258516,17.688787287148067,0.0,0.24864082105418747,0.24864082105418747,1,20,1
2023-01-15 21:00:00,592.6465512183339,3.3618020010626752,20.959954352173963,0.0,0.1299317718768076,0.1299317718768076,1,21,1
2023-01-15 22:00:00,488.1446051110142,4.693081362323111,19.039556318819486,0.0,13.314840067638986,13.314840067638986,1,22,1
2023-01-15 23:00:00,422.4519355043006,3.4505190162824504,16.000344301364436,0.0,0.2508660252169193,0.2508660252169193,1,23,1
2023-01-16 00:00:00,393.24340026877985,5.93832774576411,15.098024463374902,0.0,69.59902817485197,69.59902817485197,1,0,1
2023-01-16 01:00:00,415.67619993829663,7.97605443411126,15.805900730677251,0.0,338.0320155832084,338.0320155832084,1,1,1
2023-01-16 02:00:00,481.445840721323,5.996167751717065,21.244131064646044,0.0,73.79056629690535,73.79056629690535,1,2,1
2023-01-16 03:00:00,586.0702302879668,7.176089119923859,18.473827938300317,0.0,199.8074797150685,199.8074797150685,1,3,1
2023-01-16 04:00:00,722.4193893892397,7.926574769537899,19.1566231663939,0.0,328.0482327229973,328.0482327229973,1,4,1
2023-01-16 05:00:00,881.2013481600287,6.489328919151734,20.90091392511905,0.0,116.55427220668639,116.55427220668639,1,5,1
2023-01-16 06:00:00,1051.595378509699,7.495446697117977,19.809652095997524,138.81058996328028,249.2418838001969,388.05247376347717,1,6,1
2023-01-16 07:00:00,1221.9894088593692,7.110048228153181,19.24522228182653,161.30260196943672,190.47729781354775,351.77989978298444,1,7,1
2023-01-16 08:00:00,1380.7713676301587,7.037872929794477,19.733967192764,182.26182052718093,180.61774282370388,362.87956335088484,1,8,1
2023-01-16 09:00:00,1517.1205267314313,5.414006860992247,20.272735015740064,200.25990952854892,38.59383783126814,238.85374735981705,1,9,1
2023-01-16 10:00:00,1621.7449162980752,6.196073235790766,20.55172453043742,214.0703289513459,89.56794998607506,303.638278937421,1,10,1
2023-01-16 11:00:00,1687.5145570811014,6.423943501475569,22.20902326615477,222.7519215347054,110.12406564788645,332.87598718259187,1,11,1
2023-01-16 12:00:00,1709.9473567506182,7.336023386094914,20.90043164362636,225.7130510910816,223.6543322406837,449.36738333176527,1,12,1
2023-01-16 13:00:00,1687.5145570811014,6.0805761233251205,22.21904433331197,222.7519215347054,80.20441996172457,302.95634149642996,1,13,1
2023-01-16 14:00:00,1621.7449162980752,7.389081660669687,20.464735843239936,214.0703289513459,231.96552846058708,446.03585741193297,1,14,1
2023-01-16 15:00:00,1517.1205267314313,2.5940730676971837,20.573207915200374,200.25990952854892,0.0,200.25990952854892,1,15,1
2023-01-16 16:00:00,1380.7713676301587,4.735738121914492,16.130265521869738,182.26182052718093,14.346800961127622,196.60862148830856,1,16,1
2023-01-16 17:00:00,1221.9894088593692,3.502469330431743,21.5959619228729,161.30260196943672,0.34804158921797057,161.65064355865468,1,17,1
2023-01-16 18:00:00,1051.595378509699,6.44401237422886,20.02505072974048,138.81058996328028,112.07185926698564,250.88244923026593,1,18,1
2023-01-16 19:00:00,881.2013481600287,2.015008893791488,20.83636723677467,0.0,0.0,0.0,1,19,1
2023-01-16 20:00:00,722.4193893892397,2.1676744035623106,12.50402911562438,0.0,0.0,0.0,1,20,1
2023-01-16 21:00:00,586.0702302879668,2.8460054438632234,21.886706443398666,0.0,0.0,0.0,1,21,1
2023-01-16 22:00:00,481.445840721323,0.9734643879376406,16.81145584121402,0.0,0.0,0.0,1,22,1
2023-01-16 23:00:00,415.67619993829663,3.853037351676167,18.665536466587053,0.0,1.7029684850959328,1.7029684850959328,1,23,1
2023-01-17 00:00:00,386.40519231500105,3.9711625498489833,13.469495856646587,0.0,2.5129175965964268,2.5129175965964268,1,0,1
2023-01-17 01:00:00,408.86497731178196,5.8530903120988835,17.427486482123047,0.0,63.71607643985991,63.71607643985991,1,1,1
2023-01-17 02:00:00,474.71373507114356,6.6224955058452695,14.73657181006294,0.0,130.4145458631656,130.4145458631656,1,2,1
2023-01-17 03:00:00,579.4639815720031,9.338331363376454,16.215186951331486,0.0,698.5979188007138,698.5979188007138,1,3,1
2023-01-17 04:00:00,715.9771606232939,8.267548107027482,21.87737041863122,0.0,400.9848820205178,400.9848820205178,1,4,1
2023-01-17 05:00:00,874.9501246713653,6.176357711264062,18.21175005441456,0.0,87.92060814823037,87.92060814823037,1,5,1
2023-01-17 06:00:00,1045.5491289315867,5.7622395351569935,19.519707363189834,138.01248501896941,57.82111711592561,195.83360213489502,1,6,1
2023-01-17 07:00:00,1216.1481331918076,7.779591952017425,21.256209873731333,160.53155358131858,299.5538673717753,460.0854209530939,1,7,1
2023-01-17 08:00:00,1375.1210972398794,4.861562539217445,20.870798505765052,181.51598483566409,17.698455170303813,199.2144400059679,1,8,1
2023-01-17 09:00:00,1511.63427629117,9.271263253334155,20.469543183741234,199.53572447043445,676.6554169415195,876.191141411954,1,9,1
2023-01-17 10:00:00,1616.3845227920294,7.879021723261461,21.108858847275442,213.36275700854787,318.64031492243765,532.0030719309855,1,10,1
2023-01-17 11:00:00,1682.233280551391,4.923736154227515,25.31336318824325,222.05479303278364,19.53165248820905,241.5864455209927,1,11,1
2023-01-17 12:00:00,1704.693065548172,2.540159748543214,20.43407011683048,225.0194846523587,0.0,225.0194846523587,1,12,1
2023-01-17 13:00:00,1682.233280551391,6.623032013222608,20.908730111196636,222.05479303278364,130.47249933390418,352.5272923666878,1,13,1
2023-01-17 14:00:00,1616.3845227920294,3.9380517743006043,22.480245634358216,213.36275700854787,2.264555115134453,215.62731212368232,1,14,1
2023-01-17 15:00:00,1511.63427629117,5.552372447766629,22.37975723937005,199.53572447043445,45.61782879629675,245.1535532667312,1,15,1
2023-01-17 16:00:00,1375.1210972398794,0.9861692464191028,22.253495340940603,181.51598483566409,0.0,181.51598483566409,1,16,1
2023-01-17 17:00:00,1216.1481331918076,2.278947355170734,20.793534856412194,160.53155358131858,0.0,160.53155358131858,1,17,1
2023-01-17 18:00:00,1045.5491289315867,3.1177270917568047,16.798831791369423,138.01248501896941,0.004476429141490253,138.0169614481109,1,18,1
2023-01-17 19:00:00,874.9501246713653,3.2484807802485065,21.859977920543443,0.0,0.04209018878376475,0.04209018878376475,1,19,1
2023-01-17 20:00:00,715.9771606232939,2.7027125273917876,15.756616924860271,0.0,0.0,0.0,1,20,1
2023-01-17 21:00:00,579.4639815720031,4.629922878327683,18.067995803201164,0.0,11.879649699233237,11.879649699233237,1,21,1
2023-01-17 22:00:00,474.71373507114356,2.5084308981056376,15.334851236371538,0.0,0.0,0.0,1,22,1
2023-01-17 23:00:00,408.86497731178196,4.378654224442546,16.073661978811923,0.0,7.1890008522657585,7.1890008522657585,1,23,1
2023-01-18 00:00:00,379.53334457071605,5.241122324760368,15.96091920656956,0.0,30.881554447640685,30.881554447640685,1,0,1
2023-01-18 01:00:00,402.02081562392294,6.349975218485685,16.598739777963402,0.0,103.14002928542865,103.14002928542865,1,1,1
2023-01-18 02:00:00,467.95074479357044,7.128101194325854,17.441331119945772,0.0,192.99829478554273,192.99829478554273,1,2,1
2023-01-18 03:00:00,572.8301163611068,4.787929301808811,20.444234085905343,0.0,15.680268434391705,15.680268434391705,1,3,1
2023-01-18 04:00:00,709.5115744755608,4.491558428657964,18.710462988990557,0.0,9.103811968351343,9.103811968351343,1,4,1
2023-01-18 05:00:00,868.6805036432214,8.909045762618419,17.858888260424905,0.0,566.049651707699,566.049651707699,1,5,1
2023-01-18 06:00:00,1039.4898043804055,7.559149895161907,20.76710262847205,137.21265417821354,259.9884654752806,397.2011196534941,1,6,1
2023-01-18 07:00:00,1210.2991051175893,5.869800724935826,21.649102065268057,159.75948187552177,64.8421923609647,224.60167423648647,1,7,1
2023-01-18 08:00:00,1369.4680342852503,9.11945764804518,17.178305774610806,180.769780525653,628.6968257865151,809.4666063121681,1,8,1
2023-01-18 09:00:00,1506.149492399704,6.648404391004902,21.11759218821875,198.81173299676095,133.23286796097773,332.0446009577387,1,9,1
2023-01-18 10:00:00,1611.0288639672403,7.82962465328826,21.53536900202974,212.65581004367573,309.0598621774004,521.7156722210761,1,10,1
2023-01-18 11:00:00,1676.958793136888,5.679594689512726,19.665491686111668,221.3585606940692,52.78491087677864,274.14347157084785,1,11,1
2023-01-18 12:00:00,1699.446264190095,8.1518007645155,23.054808012585838,224.32690687309253,375.12814111648237,599.455047989575,1,12,1
2023-01-18 13:00:00,1676.958793136888,7.1760520506522845,19.960507518766597,221.3585606940692,199.80215895794186,421.16071965201104,1,13,1
2023-01-18 14:00:00,1611.0288639672403,3.6872326544739105,20.384176424351026,212.65581004367573,0.890458797445287,213.54626884112102,1,14,1
2023-01-18 15:00:00,1506.149492399704,5.103821741250959,19.576648399951296,198.81173299676095,25.546375057663685,224.35810805442463,1,15,1
2023-01-18 16:00:00,1369.4680342852503,4.296691994001364,19.66467950004773,180.769780525653,5.981539233778062,186.75131975943106,1,16,1
2023-01-18 17:00:00,1210.2991051175893,5.181774560912906,17.07761091362837,159.75948187552177,28.492600467298143,188.2520823428199,1,17,1
2023-01-18 18:00:00,1039.4898043804055,1.613293686322363,15.958826526706748,137.21265417821354,0.0,137.21265417821354,1,18,1
2023-01-18 19:00:00,868.6805036432214,4.157904414612042,21.536211657456146,0.0,4.259127061857407,4.259127061857407,1,19,1
2023-01-18 20:00:00,709.5115744755608,4.916264799898024,16.109471689325943,0.0,19.304965664817068,19.304965664817068,1,20,1
2023-01-18 21:00:00,572.8301163611068,1.008356085184753,15.234026848875434,0.0,0.0,0.0,1,21,1
2023-01-18 22:00:00,467.95074479357044,2.2857911081938562,12.290709384267775,0.0,0.0,0.0,1,22,1
2023-01-18 23:00:00,402.02081562392294,1.4841925203473254,14.678101851683854,0.0,0.0,0.0,1,23,1
2023-01-19 00:00:00,372.63046377255455,4.607664301659573,12.412693179817051,0.0,11.399572692054608,11.399572692054608,1,0,1
2023-01-19 01:00:00,395.1462896003885,6.605726027225394,18.995534048005045,0.0,128.61174823059775,128.61174823059775,1,1,1
2023-01-19 02:00:00,461.1593507628845,8.265310131470452,18.37260217082992,0.0,400.47401066293173,400.47401066293173,1,2,1
2023-01-19 03:00:00,566.1709662335606,6.537130286329167,15.595989238102048,0.0,121.41032955632241,121.41032955632241,1,3,1
2023-01-19 04:00:00,703.0247679579898,9.186748679252224,22.063744377320663,0.0,649.6656281975218,649.6656281975218,1,4,1
2023-01-19 05:00:00,862.3943955102525,4.873474018582209,20.06621088565884,0.0,18.040372111561865,18.040372111561865,1,5,1
2023-01-19 06:00:00,1033.4190721434247,4.456700894293677,17.944743905547544,136.41131752293205,8.480347092654801,144.89166461558685,1,6,1
2023-01-19 07:00:00,1204.443748776597,6.860304657559618,14.026828038341076,158.9865748385108,157.8218790182882,316.808453856799,1,7,1
2023-01-19 08:00:00,1363.81337632886,7.319923534304248,23.970884930735725,180.02336567540954,221.17225507702472,401.19562075243425,1,8,1
2023-01-19 09:00:00,1500.6671780532888,6.376945993558365,16.899125495661288,198.0880675030341,105.65129210772882,303.7393596107629,1,9,1
2023-01-19 10:00:00,1605.678793523965,2.9106114032665946,16.597704404163608,211.94960074516334,0.0,211.94960074516334,1,10,1
2023-01-19 11:00:00,1671.6918546864613,5.395732584262269,22.06123793752038,220.66332481861286,37.72397831650417,258.387303135117,1,11,1
2023-01-19 12:00:00,1694.2076805142951,3.0550703025691295,24.938377579310597,223.63541382788696,0.0004581997576591752,223.6358720276446,1,12,1
2023-01-19 13:00:00,1671.6918546864613,5.4986452863664255,22.784642710522135,220.66332481861286,42.79729185528657,263.46061667389944,1,13,1
2023-01-19 14:00:00,1605.678793523965,4.561671922471683,21.01632013818211,211.94960074516334,10.44893129869592,222.39853204385926,1,14,1
2023-01-19 15:00:00,1500.6671780532888,2.1877413114622826,20.867779112519052,198.0880675030341,0.0,198.0880675030341,1,15,1
2023-01-19 16:00:00,1363.81337632886,2.5089233697524924,21.095830903114855,180.02336567540954,0.0,180.02336567540954,1,16,1
2023-01-19 17:00:00,1204.443748776597,1.4911026179148457,20.54349664766175,158.9865748385108,0.0,158.9865748385108,1,17,1
2023-01-19 18:00:00,1033.4190721434247,2.9177559074166517,19.156789520503537,136.41131752293205,0.0,136.41131752293205,1,18,1
2023-01-19 19:00:00,862.3943955102525,4.51263638150013,18.311082119579403,0.0,9.495243194782205,9.495243194782205,1,19,1
2023-01-19 20:00:00,703.0247679579898,1.8011346762542169,17.433686510833002,0.0,0.0,0.0,1,20,1
2023-01-19 21:00:00,566.1709662335606,4.353630764230081,15.464360750724143,0.0,6.804608066415237,6.804608066415237,1,21,1
2023-01-19 22:00:00,461.1593507628845,3.2163881257677476,15.791617838411105,0.0,0.027797308262530296,0.027797308262530296,1,22,1
2023-01-19 23:00:00,395.1462896003885,3.30482721472785,12.325590099341536,0.0,0.07770763309221622,0.07770763309221622,1,23,1
2023-01-20 00:00:00,365.69918307268995,4.8026175220559635,14.619136056349502,0.0,16.069902139903885,16.069902139903885,1,0,1
2023-01-20 01:00:00,388.2439995688396,3.927937668563781,13.491264056737425,0.0,2.1920925275979966,2.1920925275979966,1,1,1
2023-01-20 02:00:00,454.3420570701467,5.132689103967027,13.902731901020061,0.0,26.61246588392266,26.61246588392266,1,2,1
2023-01-20 03:00:00,559.488882190102,4.5805597854776225,17.089020774071408,0.0,10.832663459258674,10.832663459258674,1,3,1
2023-01-20 04:00:00,696.5188925601251,9.642301568931263,20.0998198826282,0.0,804.0040474443365,804.0040474443365,1,4,1
2023-01-20 05:00:00,856.0937194262975,6.94791004252353,19.69625566698723,0.0,168.81234860403308,168.81234860403308,1,5,1
2023-01-20 06:00:00,1027.3386020475602,5.913574799998922,15.210348008625385,135.60869547027792,67.85486392227247,203.4635593925504,1,6,1
2023-01-20 07:00:00,1198.5834846688228,7.2159845806672696,16.803325738254504,158.2130199762846,205.5888271028862,363.8018470791708,1,7,1
2023-01-20 08:00:00,1358.1583115349954,6.526721795020434,21.027484704837626,179.2768971226194,120.3416807085598,299.6185778311792,1,8,1
2023-01-20 09:00:00,1495.1883219050183,6.0459222250610605,17.470238185418815,197.36485849146243,77.528056451464,274.89291494292644,1,9,1
2023-01-20 10:00:00,1600.3351470249736,6.884413112052938,19.19617814139029,211.24423940729653,160.79728132705648,372.041520734353,1,10,1
2023-01-20 11:00:00,1666.4332045262809,6.617062717263801,20.873143814857155,219.96918299746906,129.82866306461972,349.79784606208875,1,11,1
2023-01-20 12:00:00,1688.9780210224303,4.167411340572009,17.87912640021173,222.9450987749608,4.364898919186148,227.30999769414694,1,12,1
2023-01-20 13:00:00,1666.4332045262809,3.581797610815739,19.98379062909997,219.96918299746906,0.5402792243844555,220.5094622218535,1,13,1
2023-01-20 14:00:00,1600.3351470249736,3.550585516260335,16.977393451547933,211.24423940729653,0.4579065072025138,211.70214591449906,1,14,1
2023-01-20 15:00:00,1495.1883219050183,0.09606775251132937,18.232477684593007,197.36485849146243,0.0,197.36485849146243,1,15,1
2023-01-20 16:00:00,1358.1583115349954,0.9583256611210951,19.78550619714627,179.2768971226194,0.0,179.2768971226194,1,16,1
2023-01-20 17:00:00,1198.5834846688228,5.081622810576452,15.59659454433184,158.2130199762846,24.746203622595274,182.95922359887987,1,17,1
2023-01-20 18:00:00,1027.3386020475602,5.430614632239726,19.232298691792536,135.60869547027792,39.3958786829435,175.00457415322143,1,18,1
2023-01-20 19:00:00,856.0937194262975,2.657757350075096,17.820346857129245,0.0,0.0,0.0,1,19,1
2023-01-20 20:00:00,696.5188925601251,4.095947699002573,18.420795218773296,0.0,3.611369741039938,3.611369741039938,1,20,1
2023-01-20 21:00:00,559.488882190102,4.015824731430009,17.177060739893776,0.0,2.8758008875923,2.8758008875923,1,21,1
2023-01-20 22:00:00,454.3420570701467,8.581484274670656,18.838191395399296,0.0,477.0364713093271,477.0364713093271,1,22,1
2023-01-20 23:00:00,388.2439995688396,6.124887338934622,15.718895276335076,0.0,83.71543930546272,83.71543930546272,1,23,1
2023-01-21 00:00:00,358.742160850962,4.722982420589547,13.715482956802981,0.0,14.032821681976838,14.032821681976838,1,0,1
2023-01-21 01:00:00,381.3165703062572,3.9991862371151,15.471520006218313,0.0,2.736792036862871,2.736792036862871,1,1,1
2023-01-21 02:00:00,447.50138997373983,3.5051893274243384,16.954985322638866,0.0,0.35372435937159297,0.35372435937159297,1,2,1
2023-01-21 03:00:00,552.7862337686569,6.634267823984627,16.585431341530345,0.0,131.69013854948264,131.69013854948264,1,3,1
2023-01-21 04:00:00,689.9961135778158,5.5123834974531185,17.155477421461253,0.0,43.50711278144468,43.50711278144468,1,4,1
2023-01-21 05:00:00,849.7804028422696,4.713329895992322,16.214117808483582,0.0,13.798295654429554,13.798295654429554,1,5,1
2023-01-21 06:00:00,1021.2500663046693,5.944999481446907,16.78402610988433,134.8050087522163,70.07419789500841,204.87920664722472,1,6,1
2023-01-21 07:00:00,1192.7197297670689,5.224388454967241,15.735850196910278,157.43900432925307,30.194953445139348,187.6339577743924,1,7,1
2023-01-21 08:00:00,1352.504019031523,9.177622067988422,22.40357454434956,178.53053051216102,646.7947325937758,825.3252631059369,1,8,1
2023-01-21 09:00:00,1489.7138988406818,7.651532005607968,16.705965230827353,196.64223464696997,276.1153226847601,472.75755733173,1,9,1
2023-01-21 10:00:00,1594.9987426355988,5.902899845835771,18.018112774907014,210.53983402789905,67.11175938008968,277.65159340798874,1,10,1
2023-01-21 11:00:00,1661.1835623030813,7.652413106350778,18.094703814784143,219.27623022400672,276.27225904597617,495.5484892699829,1,11,1
2023-01-21 12:00:00,1683.7579717583765,5.030911269282124,21.36414279294237,222.25605227210568,22.981338290036014,245.23739056214168,1,12,1
2023-01-21 13:00:00,1661.1835623030813,3.10529441561326,18.941618989338483,219.27623022400672,0.0032027163958929577,219.27943294040261,1,13,1
2023-01-21 14:00:00,1594.9987426355988,6.199544923715184,21.899407315846297,210.53983402789905,89.86014278338183,300.3999768112809,1,14,1
2023-01-21 15:00:00,1489.7138988406818,4.309010310964592,17.846710453122185,196.64223464696997,6.153634107937618,202.7958687549076,1,15,1
2023-01-21 16:00:00,1352.504019031523,1.6269387687521357,19.462409382423285,178.53053051216102,0.0,178.53053051216102,1,16,1
2023-01-21 17:00:00,1192.7197297670689,2.6974991381071485,16.870366633990148,157.43900432925307,0.0,157.43900432925307,1,17,1
2023-01-21 18:00:00,1021.2500663046693,1.6014314277335613,22.400126200533002,134.8050087522163,0.0,134.8050087522163,1,18,1
2023-01-21 19:00:00,849.7804028422696,0.9088075587860565,15.242904346038067,0.0,0.0,0.0,1,19,1
2023-01-21 20:00:00,689.9961135778158,4.572074321539282,17.693935459507543,0.0,10.659128287095546,10.659128287095546,1,20,1
2023-01-21 21:00:00,552.7862337686569,6.364770206142797,17.755264962743134,0.0,104.51261079673623,104.51261079673623,1,21,1
2023-01-21 22:00:00,447.50138997373983,1.8170074470819846,16.695987459469087,0.0,0.0,0.0,1,22,1
2023-01-21 23:00:00,381.3165703062572,5.24167457264151,14.85634968239833,0.0,30.904389179518457,30.904389179518457,1,23,1
2023-01-22 00:00:00,351.76207949764967,3.890912250705366,14.074739122473678,0.0,1.9400247025732245,1.9400247025732245,1,0,1
2023-01-22 01:00:00,374.36664985795505,4.653826118946104,15.074634426999008,0.0,12.410006437517726,12.410006437517726,1,1,1
2023-01-22 02:00:00,440.63989682463506,4.978285218029803,15.334471744196156,0.0,21.240717606816016,21.240717606816016,1,2,1
2023-01-22 03:00:00,546.0654081386299,4.985103512241477,18.1755559173558,0.0,21.461098143683603,21.461098143683603,1,3,1
2023-01-22 04:00:00,683.4586094277853,6.671709353874224,21.255426525123234,0.0,135.8023718085059,135.8023718085059,1,4,1
2023-01-22 05:00:00,843.4563810772459,5.552302582349686,16.263204096968465,0.0,45.614082844495,45.614082844495,1,5,1
2023-01-22 06:00:00,1015.1551393579207,7.272561343057864,15.130308468715114,134.00047839524552,213.97714455980616,347.9776229550517,1,6,1
2023-01-22 07:00:00,1186.8538976385953,6.723370592792538,18.124583126694198,156.66471448829458,141.61565338762836,298.28036787592293,1,7,1
2023-01-22 08:00:00,1346.8516692880562,6.240504841657369,23.82392621617136,177.78442034602344,93.35562511595234,271.1400454619758,1,8,1
2023-01-22 09:00:00,1484.2448705772115,4.919744173698804,17.346429048557503,195.9203229161919,19.410313148774616,215.3306360649665,1,9,1
2023-01-22 10:00:00,1589.670381891206,5.001719108535608,22.442243264274005,209.83649040963917,22.004518626921193,231.84100903656037,1,10,1
2023-01-22 11:00:00,1655.943628857886,6.517601033331783,22.647006456962465,218.58455900924096,119.41041506065834,337.9949740698993,1,11,1
2023-01-22 12:00:00,1678.5481992181917,5.6182518858246775,18.22720403852454,221.5683622968013,49.2421200252993,270.8104823221006,1,12,1
2023-01-22 13:00:00,1655.943628857886,2.8829051469852383,20.42957098718013,218.58455900924096,0.0,218.58455900924096,1,13,1
2023-01-22 14:00:00,1589.670381891206,4.015874562531946,22.420802899642947,209.83649040963917,2.876224124060051,212.71271453369923,1,14,1
2023-01-22 15:00:00,1484.2448705772115,4.579743227072696,18.19552270252199,195.9203229161919,10.815882822209002,206.7362057384009,1,15,1
2023-01-22 16:00:00,1346.8516692880562,0.6307173751371722,18.257346820658004,177.78442034602344,0.0,177.78442034602344,1,16,1
2023-01-22 17:00:00,1186.8538976385953,3.750064740379873,17.13778539549942,156.66471448829458,1.1577071572613713,157.82242164555595,1,17,1
2023-01-22 18:00:00,1015.1551393579207,1.8729404659693365,15.840400966487536,134.00047839524552,0.0,134.00047839524552,1,18,1
2023-01-22 19:00:00,843.4563810772459,3.7909224546997087,16.07963257685212,0.0,1.3573885580409797,1.3573885580409797,1,19,1
2023-01-22 20:00:00,683.4586094277853,1.989936562005454,14.386499988416018,0.0,0.0,0.0,1,20,1
2023-01-22 21:00:00,546.0654081386299,0.7453393910182329,16.315964620284433,0.0,0.0,0.0,1,21,1
2023-01-22 22:00:00,440.63989682463506,1.4255624475633617,14.088529285335852,0.0,0.0,0.0,1,22,1
2023-01-22 23:00:00,374.36664985795505,4.4213654341751365,15.454583306622286,0.0,7.878067844572396,7.878067844572396,1,23,1
2023-01-23 00:00:00,344.7616441668225,5.2088129226128235,10.98435455774575,0.0,29.565094449957897,29.565094449957897,1,0,1
2023-01-23 01:00:00,367.39690832818405,3.98039232257903,15.410537275682175,0.0,2.585247770620257,2.585247770620257,1,1,1
2023-01-23 02:00:00,433.7601449662143,6.777117858196662,17.057298998883457,0.0,147.83731849019898,147.83731849019898,1,2,1
2023-01-23 03:00:00,539.3288091744657,3.7411626390002564,12.022091726835543,0.0,1.1169738978341899,1.1169738978341899,1,3,1
2023-01-23 04:00:00,676.9085709476121,6.452160279628503,17.344258989848147,0.0,112.86916734260612,112.86916734260612,1,4,1
2023-01-23 05:00:00,837.1235968821197,4.934556522965052,19.595290980143194,0.0,19.86308664798221,19.86308664798221,1,5,1
2023-01-23 06:00:00,1009.0554977284015,5.841475008327363,15.21239771870333,133.195325700149,62.94105081272684,196.13637651287584,1,6,1
2023-01-23 07:00:00,1180.987398574683,6.8221788295833585,21.408057325284588,155.89033661185817,153.19178456191847,309.0821211737766,1,7,1
2023-01-23 08:00:00,1341.202424509191,5.26065992967355,19.264310887807287,177.0387200352132,31.69627139486398,208.73499143007717,1,8,1
2023-01-23 09:00:00,1478.7821862823373,5.656609416058958,17.30551980119262,195.1992485892685,51.43817956756226,246.63742815683077,1,9,1
2023-01-23 10:00:00,1584.3508504905885,7.328668383852262,18.814236826282933,209.13431226475765,222.51813722235983,431.65244948711745,1,10,1
2023-01-23 11:00:00,1650.714087128619,4.47152945595092,20.1700239820655,217.8942595009777,8.741970709737632,226.63623021071535,1,11,1
2023-01-23 12:00:00,1673.3493512899804,6.072767338128314,19.248156632977828,220.8821143702774,79.59604721049618,300.4781615807736,1,12,1
2023-01-23 13:00:00,1650.714087128619,2.6070307978391325,20.130882141914793,217.8942595009777,0.0,217.8942595009777,1,13,1
2023-01-23 14:00:00,1584.3508504905885,4.6139354369035255,17.084427795439613,209.13431226475765,11.533495210861183,220.66780747561884,1,14,1
2023-01-23 15:00:00,1478.7821862823373,5.567368538644358,19.054265160781593,195.1992485892685,46.42662483685796,241.62587342612647,1,15,1
2023-01-23 16:00:00,1341.202424509191,0.0,15.598843875265239,177.0387200352132,0.0,177.0387200352132,1,16,1
2023-01-23 17:00:00,1180.987398574683,1.6920346342467496,17.84046042891178,155.89033661185817,0.0,155.89033661185817,1,17,1
2023-01-23 18:00:00,1009.0554977284015,3.684837360801411,15.823864473156162,133.195325700149,0.881180346281687,134.0765060464307,1,18,1
2023-01-23 19:00:00,837.1235968821197,2.5828094383879754,15.668893110017075,0.0,0.0,0.0,1,19,1
2023-01-23 20:00:00,676.9085709476121,3.6438971725186873,19.068332200573877,0.0,0.7324062157805982,0.7324062157805982,1,20,1
2023-01-23 21:00:00,539.3288091744657,2.499037827583775,18.19218325316699,0.0,0.0,0.0,1,21,1
2023-01-23 22:00:00,433.7601449662143,3.94911385123995,16.60851731747996,0.0,2.3456186269581334,2.3456186269581334,1,22,1
2023-01-23 23:00:00,367.39690832818405,4.068075226737439,12.564151281908105,0.0,3.342781526470656,3.342781526470656,1,23,1
2023-01-24 00:00:00,337.74358150023795,6.523605216042848,13.22684371837608,0.0,120.02292320412757,120.02292320412757,1,0,1
2023-01-24 01:00:00,360.4100366422631,5.671201478709998,16.938486978824308,0.0,52.290453303993814,52.290453303993814,1,1,1
2023-01-24 02:00:00,426.86472060849746,6.27833611666594,15.437189670558096,0.0,96.66358592627255,96.66358592627255,1,2,1
2023-01-24 03:00:00,532.5788565082003,5.568330236742531,20.411736859554523,0.0,46.47881655322283,46.47881655322283,1,3,1
2023-01-24 04:00:00,670.3482006806763,5.772573595013274,17.14629629655443,0.0,58.47250718507438,58.47250718507438,1,4,1
2023-01-24 05:00:00,830.7839999951772,6.054946494401842,17.287565995789347,0.0,78.2191859917205,78.2191859917205,1,5,1
2023-01-24 06:00:00,1002.9528198611144,7.3636103371205825,16.776961595293418,132.38977222166707,227.95039707091274,360.34016929257984,1,6,1
2023-01-24 07:00:00,1175.1216397270516,6.072307054900879,18.093509128786426,155.1160564439708,79.56028345056657,234.67633989453736,1,7,1
2023-01-24 08:00:00,1335.5574390415527,6.938645216466634,17.884847963926788,176.29358195348496,167.6266456499859,343.92022760347083,1,8,1
2023-01-24 09:00:00,1473.3267832140286,9.29924688389439,19.8952756336993,194.47913538425178,685.7540114805298,880.2331468647816,1,9,1
2023-01-24 10:00:00,1579.0409191137314,7.078619178700675,20.60269438280019,208.43340132301253,186.14095534690182,394.5743566699143,1,10,1
2023-01-24 11:00:00,1645.4956030799658,4.800534915506418,17.244906003618837,217.2054196065555,16.014268652955487,233.21968825951097,1,11,1
2023-01-24 12:00:00,1668.1620582219907,6.573753006799055,16.197194710650127,220.19739168530276,125.22068310813198,345.41807479343476,1,12,1
2023-01-24 13:00:00,1645.4956030799658,3.6421809738157687,15.144474178428142,217.2054196065555,0.726565497286052,217.93198510384155,1,13,1
2023-01-24 14:00:00,1579.0409191137314,0.7147453207863568,19.705272403036112,208.43340132301253,0.0,208.43340132301253,1,14,1
2023-01-24 15:00:00,1473.3267832140286,1.845589094803937,16.27232506797437,194.47913538425178,0.0,194.47913538425178,1,15,1
2023-01-24 16:00:00,1335.5574390415527,0.23369343444547663,13.884006450782913,176.29358195348496,0.0,176.29358195348496,1,16,1
2023-01-24 17:00:00,1175.1216397270516,2.3128102449130377,18.60358452828379,155.1160564439708,0.0,155.1160564439708,1,17,1
2023-01-24 18:00:00,1002.9528198611144,2.7995596923374646,22.381193558564004,132.38977222166707,0.0,132.38977222166707,1,18,1
2023-01-24 19:00:00,830.7839999951772,5.354736439387924,16.8913259397295,0.0,35.8203133731563,35.8203133731563,1,19,1
2023-01-24 20:00:00,670.3482006806763,3.5302723766305038,18.03664216666897,0.0,0.4090717414740432,0.4090717414740432,1,20,1
2023-01-24 21:00:00,532.5788565082003,3.0290677679667453,15.936736496686263,0.0,6.738101080545696e-05,6.738101080545696e-05,1,21,1
2023-01-24 22:00:00,426.86472060849746,5.01604049532837,14.955976536896003,0.0,22.48020262294075,22.48020262294075,1,22,1
2023-01-24 23:00:00,360.4100366422631,0.937591069836266,16.35044454484148,0.0,0.0,0.0,1,23,1
2023-01-25 00:00:00,330.7106383218065,5.078420817254187,13.044445812079388,0.0,24.632183892435055,24.632183892435055,1,0,1
2023-01-25 01:00:00,353.4087452802329,6.39893486112683,14.812410489700754,0.0,107.72859411462935,107.72859411462935,1,1,1
2023-01-25 02:00:00,419.9562276766907,3.507119611421576,15.562485738361321,0.0,0.3577945205799952,0.3577945205799952,1,2,1
2023-01-25 03:00:00,525.8179845607758,7.854843607274827,14.202231154996044,0.0,313.9266604135316,313.9266604135316,1,3,1
2023-01-25 04:00:00,663.7797121456626,6.964794398901837,18.109079599529736,0.0,170.9875465691114,170.9875465691114,1,4,1
2023-01-25 05:00:00,824.4395466889756,6.033918761818272,16.318882532109477,0.0,76.61508898123878,76.61508898123878,1,5,1
2023-01-25 06:00:00,996.8487859695185,7.6741717792507655,15.64903848740374,131.58403974797645,280.1666739328881,411.7507136808646,1,6,1
2023-01-25 07:00:00,1169.2580252500613,10.062889919376069,18.664781289053675,154.3420593330081,966.6066525870583,1120.9487119200664,1,7,1
2023-01-25 08:00:00,1329.9178597933746,6.729849170247959,16.158185955796807,175.54915749272547,142.35616410642857,317.90532159915404,1,8,1
2023-01-25 09:00:00,1467.8795873782615,6.511543421914937,18.30075487775138,193.76010553393053,118.79457180996305,312.55467734389356,1,9,1
2023-01-25 10:00:00,1573.7413442623465,5.035957630780972,18.436386038613627,207.73385744262973,23.153074809608306,230.88693225223804,1,10,1
2023-01-25 11:00:00,1640.2888266588043,3.9678705160991927,20.7540103389889,216.51812511896213,2.487449361093325,219.00557448005546,1,11,1
2023-01-25 12:00:00,1662.9869336172305,5.970502704907707,19.5743913662166,219.51427523747444,71.91050255405801,291.42477779153245,1,12,1
2023-01-25 13:00:00,1640.2888266588043,2.923235151022996,18.532165289835454,216.51812511896213,0.0,216.51812511896213,1,13,1
2023-01-25 14:00:00,1573.7413442623465,3.832348335920427,20.090156630302605,207.73385744262973,1.5820412904094474,209.31589873303918,1,14,1
2023-01-25 15:00:00,1467.8795873782615,2.594299247570569,21.024807661047753,193.76010553393053,0.0,193.76010553393053,1,15,1
2023-01-25 16:00:00,1329.9178597933746,3.711417911142049,19.070742532082612,175.54915749272547,0.987817811182896,176.53697530390838,1,16,1
2023-01-25 17:00:00,1169.2580252500613,3.293640485443624,17.61246684159963,154.3420593330081,0.06946247723478581,154.4115218102429,1,17,1
2023-01-25 18:00:00,996.8487859695185,4.281308896478187,14.53685634168911,131.58403974797645,5.771171656895371,137.35521140487182,1,18,1
2023-01-25 19:00:00,824.4395466889756,2.0281227292310806,14.538574719349551,0.0,0.0,0.0,1,19,1
2023-01-25 20:00:00,663.7797121456626,2.588135769582404,15.514545491747356,0.0,0.0,0.0,1,20,1
2023-01-25 21:00:00,525.8179845607758,1.8426398440447818,14.319387657963574,0.0,0.0,0.0,1,21,1
2023-01-25 22:00:00,419.9562276766907,3.05855908997717,14.545147519998403,0.0,0.0005509160494092944,0.0005509160494092944,1,22,1
2023-01-25 23:00:00,353.4087452802329,4.773311629453573,14.390925711351166,0.0,15.298810102188071,15.298810102188071,1,23,1
2023-01-26 00:00:00,323.6655803026948,5.813926571916542,14.451603743456033,0.0,61.12807914274987,61.12807914274987,1,0,1
2023-01-26 01:00:00,346.3957629820685,3.8128337508871173,13.903851639724646,0.0,1.4733558515135259,1.4733558515135259,1,1,1
2023-01-26 02:00:00,413.03728663399374,6.9828525271070045,15.659316747907578,0.0,173.33455333082097,173.33455333082097,1,2,1
2023-01-26 03:00:00,519.0486415519166,8.126113997529036,15.434584226188262,0.0,369.54492930221414,369.54492930221414,1,3,1
2023-01-26 04:00:00,657.2053290902279,7.030646809352942,11.94128510203483,0.0,179.6497842423371,179.6497842423371,1,4,1
2023-01-26 05:00:00,818.0921993079129,9.425489018363749,14.557354592148664,0.0,727.8150375462178,727.8150375462178,1,5,1
2023-01-26 06:00:00,990.745077877761,5.517759848293155,16.63957702923208,130.77835027986447,43.787018789451686,174.56536906931615,1,6,1
2023-01-26 07:00:00,1163.397956447609,4.743313244559525,14.939595450516533,153.56853025108435,14.535459196361982,168.10398944744634,1,7,1
2023-01-26 08:00:00,1324.284826665294,3.7424140811609736,18.92220271365717,174.80559711981883,1.1226414383786867,175.9282385581975,1,8,1
2023-01-26 09:00:00,1462.4415142036053,8.336723676555383,21.0731175619864,193.0422798748759,416.9909381119066,610.0332179867825,1,9,1
2023-01-26 10:00:00,1568.452869121528,6.6599921314796005,20.659371069582544,207.03577872404168,134.5063917421789,341.54217046622057,1,10,1
2023-01-26 11:00:00,1635.0943927734534,5.112704730787874,17.922556799751206,215.83245984609584,25.871337512093774,241.7037973581896,1,11,1
2023-01-26 12:00:00,1657.824575452827,5.098396586428245,21.373670508442476,218.83284395977316,25.34925385792709,244.18209781770025,1,12,1
2023-01-26 13:00:00,1635.0943927734534,2.472571985795908,18.646777456015847,215.83245984609584,0.0,215.83245984609584,1,13,1
2023-01-26 14:00:00,1568.452869121528,7.3470716163737535,17.547675423951834,207.03577872404168,225.36831239164624,432.40409111568795,1,14,1
2023-01-26 15:00:00,1462.4415142036053,3.458061857538261,16.784810570217125,193.0422798748759,0.2636785835709628,193.30595845844687,1,15,1
2023-01-26 16:00:00,1324.284826665294,3.1104850312869767,17.11740588068851,174.80559711981883,0.0037000943322050596,174.80929721415103,1,16,1
2023-01-26 17:00:00,1163.397956447609,3.8352419302184155,16.58263129911629,153.56853025108435,1.5985982469739155,155.16712849805828,1,17,1
2023-01-26 18:00:00,990.745077877761,3.399957494553584,17.268584585426286,130.77835027986447,0.17552702209519638,130.95387730195966,1,18,1
2023-01-26 19:00:00,818.0921993079129,3.082418030789074,16.757173341885906,0.0,0.0015359220262391355,0.0015359220262391355,1,19,1
2023-01-26 20:00:00,657.2053290902279,1.7606811562116689,15.8983102750494,0.0,0.0,0.0,1,20,1
2023-01-26 21:00:00,519.0486415519166,3.9714326202794124,16.17951173606072,0.0,2.5150146301495897,2.5150146301495897,1,21,1
2023-01-26 22:00:00,413.03728663399374,6.5014803916610635,17.06760600982786,0.0,117.7762068811053,117.7762068811053,1,22,1
2023-01-26 23:00:00,346.3957629820685,6.178935625975937,15.943957466725479,0.0,88.13484959929124,88.13484959929124,1,23,1
2023-01-27 00:00:00,316.61119059720363,7.0220598594337185,10.191603660473309,0.0,178.50404289917668,178.50404289917668,1,0,1
2023-01-27 01:00:00,339.37383542455575,4.383094495032887,8.706188288669463,0.0,7.258686263040962,7.258686263040962,1,1,1
2023-01-27 02:00:00,406.11053327867666,4.147872689086752,16.324134645364268,0.0,4.149384079926157,4.149384079926157,1,2,1
2023-01-27 03:00:00,512.2732884884163,5.8578131016982455,12.341059362367723,0.0,64.03301279437996,64.03301279437996,1,3,1
2023-01-27 04:00:00,650.6272847284788,6.447918095476542,15.21186879358775,0.0,112.45358092039413,112.45358092039413,1,4,1
2023-01-27 05:00:00,811.7439257958931,8.205418849759182,13.864980690298001,0.0,386.96305988733593,386.96305988733593,1,5,1
2023-01-27 06:00:00,984.6433788597537,4.093582974902394,13.092972628145814,129.97292600948748,3.588043409466987,133.56096941895447,1,6,1
2023-01-27 07:00:00,1157.5428319236144,8.858457051243679,18.21109175523887,152.7956538139171,551.6355147312332,704.4311685451503,1,7,1
2023-01-27 08:00:00,1318.659472991029,6.127318879175017,19.009836936900605,174.06305043481584,83.91101361332113,257.97406404813694,1,8,1
2023-01-27 09:00:00,1457.0134692310912,5.406171876926588,16.62777645847611,192.32577793850405,38.21927169069277,230.54504962919682,1,9,1
2023-01-27 10:00:00,1563.1762244408308,4.114123356584372,12.808944144528636,206.33926162618963,3.79404348406013,210.13330511024975,1,10,1
2023-01-27 11:00:00,1629.9129222949518,2.6676330018810113,17.026135007737203,215.14850574293362,0.0,215.14850574293362,1,11,1
2023-01-27 12:00:00,1652.6755671223036,5.867035795417495,18.94500760817821,218.15317486014408,64.6549548850999,282.80812974524395,1,12,1
2023-01-27 13:00:00,1629.9129222949518,4.224618780052188,15.16080076669391,215.14850574293362,5.038545828463166,220.18705157139678,1,13,1
2023-01-27 14:00:00,1563.1762244408308,1.6973385698630428,18.357748568376767,206.33926162618963,0.0,206.33926162618963,1,14,1
2023-01-27 15:00:00,1457.0134692310912,1.2754481990061048,17.75017756158356,192.32577793850405,0.0,192.32577793850405,1,15,1
2023-01-27 16:00:00,1318.659472991029,2.396552062970554,18.650109615497488,174.06305043481584,0.0,174.06305043481584,1,16,1
2023-01-27 17:00:00,1157.5428319236144,5.2039605548305765,17.3673270356576,152.7956538139171,29.370674474154594,182.1663282880717,1,17,1
2023-01-27 18:00:00,984.6433788597537,2.242892892429216,14.750795621542743,129.97292600948748,0.0,129.97292600948748,1,18,1
2023-01-27 19:00:00,811.7439257958931,0.4457138372193268,18.598349745745704,0.0,0.0,0.0,1,19,1
2023-01-27 20:00:00,650.6272847284788,2.5316145157768295,15.344340451319177,0.0,0.0,0.0,1,20,1
2023-01-27 21:00:00,512.2732884884163,2.808981002480022,15.020207680178702,0.0,0.0,0.0,1,21,1
2023-01-27 22:00:00,406.11053327867666,0.0,12.588958904739329,0.0,0.0,0.0,1,22,1
2023-01-27 23:00:00,339.37383542455575,4.033199529492862,12.927466056090354,0.0,3.025903450113619,3.025903450113619,1,23,1
2023-01-28 00:00:00,309.55026844960855,4.240119681665391,11.163001956838238,0.0,5.232307601843614,5.232307601843614,1,0,1
2023-01-28 01:00:00,332.34572386998127,6.148469114403577,13.239346226145452,0.0,85.62503842672668,85.62503842672668,1,1,1
2023-01-28 02:00:00,399.17861751547196,8.359955619396427,17.65011957068933,0.0,422.4604414834195,422.4604414834195,1,2,1
2023-01-28 03:00:00,505.49439813071945,7.690582583673139,12.102222260854777,0.0,283.1280040653127,283.1280040653127,1,3,1
2023-01-28 04:00:00,644.0478209619292,5.915239248715039,12.205484589138559,0.0,67.97122147068583,67.97122147068583,1,4,1
2023-01-28 05:00:00,805.3966992135114,4.858584266444039,18.918755184922862,0.0,17.613644899133636,17.613644899133636,1,5,1
2023-01-28 06:00:00,978.5453734742496,10.446561181853198,16.049493936521046,129.16798929860096,1132.8430733772723,1262.0110626758733,1,6,1
2023-01-28 07:00:00,1151.6940477349876,6.607200780578277,15.561228609028385,152.0236143010184,128.7696206190808,280.79323492009917,1,7,1
2023-01-28 08:00:00,1313.04292598657,6.339466222416705,19.342543778606387,173.32166623022724,102.17240885351652,275.4940750837437,1,8,1
2023-01-28 09:00:00,1451.59634881778,5.9645474086864985,16.340773967974748,191.61071804394692,71.4788681776109,263.08958622155785,1,9,1
2023-01-28 10:00:00,1557.9121294330273,5.883648618130191,21.414255943431254,205.6444010851596,65.78539468446715,271.4297957696267,1,10,1
2023-01-28 11:00:00,1624.745023078518,4.887618949297536,19.24568343443963,214.46634304636436,18.452085263017647,232.918428309382,1,11,1
2023-01-28 12:00:00,1647.5404784988905,3.726028466658054,16.956784568600636,217.47534316185354,1.0499374212393635,218.52528058309292,1,12,1
2023-01-28 13:00:00,1624.745023078518,3.2485949749127787,22.2044481182921,214.46634304636436,0.042148245800038696,214.5084912921644,1,13,1
2023-01-28 14:00:00,1557.9121294330273,3.537391571654411,16.550806670330704,205.6444010851596,0.4257699628292463,206.07017104798882,1,14,1
2023-01-28 15:00:00,1451.59634881778,2.3571707579046666,19.03619579146709,191.61071804394692,0.0,191.61071804394692,1,15,1
2023-01-28 16:00:00,1313.04292598657,1.785201995393785,17.86131956462722,173.32166623022724,0.0,173.32166623022724,1,16,1
2023-01-28 17:00:00,1151.6940477349876,2.814315165938117,19.502856665145814,152.0236143010184,0.0,152.0236143010184,1,17,1
2023-01-28 18:00:00,978.5453734742496,2.2040556508471254,19.591163684278484,129.16798929860096,0.0,129.16798929860096,1,18,1
2023-01-28 19:00:00,805.3966992135114,4.9106593072743046,16.04042282806718,0.0,19.13604704427987,19.13604704427987,1,19,1
2023-01-28 20:00:00,644.0478209619292,0.0,13.925771644199674,0.0,0.0,0.0,1,20,1
2023-01-28 21:00:00,505.49439813071945,4.809568192489006,15.765968832595723,0.0,16.256510503771295,16.256510503771295,1,21,1
2023-01-28 22:00:00,399.17861751547196,5.455649265724851,12.871271870900433,0.0,40.62575830514626,40.62575830514626,1,22,1
2023-01-28 23:00:00,332.34572386998127,0.9587980381611407,17.612012841045548,0.0,0.0,0.0,1,23,1
2023-01-29 00:00:00,302.48562777222185,4.027150487553406,12.978980055535123,0.0,2.973067005589674,2.973067005589674,1,0,1
2023-01-29 01:00:00,325.3142037868637,4.501658669885284,12.627897251845688,0.0,9.290009346022016,9.290009346022016,1,1,1
2023-01-29 02:00:00,392.244202101397,3.4299143365971982,14.369365230612068,0.0,0.21799586276032712,0.21799586276032712,1,2,1
2023-01-29 03:00:00,498.7144539377385,4.788670409660712,11.925073976135705,0.0,15.699775225167148,15.699775225167148,1,3,1
2023-01-29 04:00:00,637.4691875836517,4.607368918044063,13.262681316348345,0.0,11.393290357456104,11.393290357456104,1,4,1
2023-01-29 05:00:00,799.0524972442064,9.101439196387501,18.150544354302102,0.0,623.1596581625678,623.1596581625678,1,5,1
2023-01-29 06:00:00,972.4527473950812,7.944699468395122,14.927654741359595,128.36376265615073,331.6822036881117,460.0459663442624,1,6,1
2023-01-29 07:00:00,1145.852997545956,8.380366173743305,14.578854129461945,151.2525956760662,427.3049936955809,578.557589371647,1,7,1
2023-01-29 08:00:00,1307.436307206511,7.35574078230766,18.109341917346416,172.58159255125943,226.71932820915035,399.3009207604098,1,8,1
2023-01-29 09:00:00,1446.191040852424,4.261817784221181,19.696715365252075,190.89721739251996,5.51178666419323,196.4090040567132,1,9,1
2023-01-29 10:00:00,1552.6612926887653,4.75440147925427,18.97344514614512,204.951290634917,14.814582672898716,219.76587330781572,1,10,1
2023-01-29 11:00:00,1619.591291003299,5.792881810720849,19.655229071850332,213.78605041243543,59.76681877608206,273.5528691885175,1,11,1
2023-01-29 12:00:00,1642.4198670179405,2.707990165336012,16.192319216230725,216.79942244636814,0.0,216.79942244636814,1,12,1
2023-01-29 13:00:00,1619.591291003299,5.09304143372747,14.819512366755012,213.78605041243543,25.155673217091895,238.94172362952733,1,13,1
2023-01-29 14:00:00,1552.6612926887653,3.180693781436728,20.538205828725964,204.951290634917,0.016185722384740447,204.96747635730173,1,14,1
2023-01-29 15:00:00,1446.191040852424,2.5647371049764396,16.67994737824181,190.89721739251996,0.0,190.89721739251996,1,15,1
2023-01-29 16:00:00,1307.436307206511,3.8755710234102905,16.53437037938175,172.58159255125943,1.8415207147037256,174.42311326596317,1,16,1
2023-01-29 17:00:00,1145.852997545956,3.2757251933248535,19.32906437852394,151.2525956760662,0.057508470477036694,151.31010414654324,1,17,1
2023-01-29 18:00:00,972.4527473950812,1.99973262994531,17.353903318103704,128.36376265615073,0.0,128.36376265615073,1,18,1
2023-01-29 19:00:00,799.0524972442064,4.348324931142165,16.66149208257647,0.0,6.724905130412301,6.724905130412301,1,19,1
2023-01-29 20:00:00,637.4691875836517,1.1875360797052068,19.535914083171818,0.0,0.0,0.0,1,20,1
2023-01-29 21:00:00,498.7144539377385,4.05087172671723,13.332290094434812,0.0,3.183842607649382,3.183842607649382,1,21,1
2023-01-29 22:00:00,392.244202101397,4.430833765626504,15.855684875044727,0.0,8.036556611322043,8.036556611322043,1,22,1
2023-01-29 23:00:00,325.3142037868637,3.5592241294979012,13.472566604264076,0.0,0.47979992286044265,0.47979992286044265,1,23,1
2023-01-30 00:00:00,295.42009569499737,4.98547409302585,13.01855735603988,0.0,21.473119514830437,21.473119514830437,1,0,1
2023-01-30 01:00:00,318.2820634430009,3.1372422852897603,16.190940612238688,0.0,0.007091960215697223,0.007091960215697223,1,1,1
2023-01-30 02:00:00,385.30996136617244,6.882315088473025,14.791139536405217,0.0,160.53687572642008,160.53687572642008,1,2,1
2023-01-30 03:00:00,491.9359489898872,5.633134917371285,15.471382118238083,0.0,50.086629084534984,50.086629084534984,1,3,1
2023-01-30 04:00:00,630.8936414653647,5.444240836452991,17.12638747293297,0.0,40.06216860342523,40.06216860342523,1,4,1
2023-01-30 05:00:00,792.7133016888451,8.001640050996144,14.795274484271198,0.0,343.2730978755315,343.2730978755315,1,5,1
2023-01-30 06:00:00,966.3671872357316,5.439759023848534,14.33848736956809,127.56046871511657,39.84219587985924,167.40266459497582,1,6,1
2023-01-30 07:00:00,1140.021072782618,4.31543426769547,14.358521111727475,150.48278160730555,6.24467615563884,156.7274577629444,1,7,1
2023-01-30 08:00:00,1301.8407330060988,3.8933816069456952,12.878786638483554,171.84297675680503,1.956201051889185,173.79917780869422,1,8,1
2023-01-30 09:00:00,1440.798425481576,6.819503049054227,21.213184720750444,190.18539216356803,152.8702762938227,343.05566845739077,1,9,1
2023-01-30 10:00:00,1547.4244131052906,3.5756305309182483,15.104585198315341,204.26002252989835,0.5232797501019323,204.78330228000027,1,10,1
2023-01-30 11:00:00,1614.4523110284624,7.646103922844262,16.996089858010873,213.107705055757,275.14981593643347,488.2575209921905,1,11,1
2023-01-30 12:00:00,1637.314278776466,1.3733804478370901,16.927746198535523,216.1254847984935,0.0,216.1254847984935,1,12,1
2023-01-30 13:00:00,1614.4523110284624,6.52332102189269,18.05341050080062,213.107705055757,119.99388442747384,333.10158948323084,1,13,1
2023-01-30 14:00:00,1547.4244131052906,3.8128007604666014,18.9424763548373,204.26002252989835,1.473176461854972,205.7331989917533,1,14,1
2023-01-30 15:00:00,1440.798425481576,2.9369913294839907,18.821717437589292,190.18539216356803,0.0,190.18539216356803,1,15,1
2023-01-30 16:00:00,1301.8407330060988,1.9468451218803717,15.645344940097683,171.84297675680503,0.0,171.84297675680503,1,16,1
2023-01-30 17:00:00,1140.021072782618,3.163127078612643,16.11389607219672,150.48278160730555,0.011909146649871876,150.49469075395544,1,17,1
2023-01-30 18:00:00,966.3671872357316,2.4398225060254006,16.582066605222703,127.56046871511657,0.0,127.56046871511657,1,18,1
2023-01-30 19:00:00,792.7133016888451,4.219375730109318,15.027797690989877,0.0,4.974106820823163,4.974106820823163,1,19,1
2023-01-30 20:00:00,630.8936414653647,2.9355652250868554,18.196063950353352,0.0,0.0,0.0,1,20,1
2023-01-30 21:00:00,491.9359489898872,3.3075136394823943,15.376739863415319,0.0,0.0797802911976453,0.0797802911976453,1,21,1
2023-01-30 22:00:00,385.30996136617244,2.9508562413418886,15.245223595925605,0.0,0.0,0.0,1,22,1
2023-01-30 23:00:00,318.2820634430009,3.8932180338760287,14.45976629674845,0.0,1.9551267408942345,1.9551267408942345,1,23,1
2023-01-31 00:00:00,288.35651108707793,4.913515480290531,14.60601184973286,0.0,19.221992672641065,19.221992672641065,1,0,1
