timestamp,pv_generation,wind_generation,renewable_total,demand,grid_required,temperature
2023-01-01 00:00:00,0.0,0.5036397636841556,0.5036397636841556,4.566210045662101,4.062570281977945,16.192386611279765
2023-01-01 01:00:00,0.0,0.34490498066249,0.34490498066249,4.566210045662101,4.22130506499961,17.568983513481847
2023-01-01 02:00:00,0.0,1.196688151916081,1.196688151916081,4.566210045662101,3.3695218937460196,22.393346810151048
2023-01-01 03:00:00,0.0,2.9634585681107337,2.9634585681107337,4.566210045662101,1.602751477551367,21.86787143467435
2023-01-01 04:00:00,0.0,0.8135666668118431,0.8135666668118431,4.566210045662101,3.752643378850258,21.744756723887658
2023-01-01 05:00:00,0.0,0.9322438798828465,0.9322438798828465,4.566210045662101,3.6339661657792544,22.693398407767408
2023-01-01 06:00:00,3.1848457750826347,3.9572618604356755,7.14210763551831,4.566210045662101,0.0,23.843420713249095
2023-01-01 07:00:00,3.6546422582895532,2.2111921687441822,5.865834427033736,4.566210045662101,0.0,22.49997073743047
2023-01-01 08:00:00,4.092422887541318,0.6293415106767052,4.721764398218023,4.566210045662101,0.0,22.386240964710584
2023-01-01 09:00:00,4.468353636421115,1.3948949761833995,5.863248612604515,4.566210045662101,0.0,24.623811569344813
2023-01-01 10:00:00,4.756815445647725,0.34318964451999223,5.100005090167718,4.566210045662101,0.0,22.48560697280829
2023-01-01 11:00:00,4.938150119628034,0.2103657851078118,5.148515904735846,4.566210045662101,0.0,25.38645321489101
2023-01-01 12:00:00,5.0,0.36204967179112,5.36204967179112,4.566210045662101,0.0,21.207556188117334
2023-01-01 13:00:00,4.938150119628034,0.0,4.938150119628034,4.566210045662101,0.0,26.628258978113355
2023-01-01 14:00:00,4.756815445647725,0.0,4.756815445647725,4.566210045662101,0.0,25.387547492864442
2023-01-01 15:00:00,4.468353636421115,0.003000800475967548,4.471354436897083,4.566210045662101,0.09485560876501786,24.7441805277772
2023-01-01 16:00:00,4.092422887541318,0.0,4.092422887541318,4.566210045662101,0.47378715812078287,25.908232383406236
2023-01-01 17:00:00,3.6546422582895532,0.031905653315543875,3.686547911605097,4.566210045662101,0.8796621340570034,26.910438986974345
2023-01-01 18:00:00,3.1848457750826347,0.0,3.1848457750826347,4.566210045662101,1.381364270579466,25.176997432562015
2023-01-01 19:00:00,0.0,0.0,0.0,4.566210045662101,4.566210045662101,18.97478207897333
2023-01-01 20:00:00,0.0,0.39734751132303336,0.39734751132303336,4.566210045662101,4.168862534339067,19.55356946312161
2023-01-01 21:00:00,0.0,0.016336341664109723,0.016336341664109723,4.566210045662101,4.549873703997991,20.276503403027107
2023-01-01 22:00:00,0.0,0.0846242930159192,0.0846242930159192,4.566210045662101,4.481585752646182,20.95900072252729
2023-01-01 23:00:00,0.0,0.0001960305907297448,0.0001960305907297448,4.566210045662101,4.566014015071371,21.300672398631523
2023-01-02 00:00:00,0.0,0.08851107607755183,0.08851107607755183,4.566210045662101,4.477698969584549,17.903178878625113
2023-01-02 01:00:00,0.0,0.45863890491011144,0.45863890491011144,4.566210045662101,4.107571140751989,20.380830994986457
2023-01-02 02:00:00,0.0,0.10067275401406046,0.10067275401406046,4.566210045662101,4.46553729164804,19.137995865738002
2023-01-02 03:00:00,0.0,1.1637046475221684,1.1637046475221684,4.566210045662101,3.4025053981399322,20.0450480607736
2023-01-02 04:00:00,0.0,0.5179488670533781,0.5179488670533781,4.566210045662101,4.048261178608723,19.0413443112356
2023-01-02 05:00:00,0.0,0.8491690135364767,0.8491690135364767,4.566210045662101,3.717041032125624,20.55200715775384
2023-01-02 06:00:00,3.169049225251989,0.6379785127413875,3.8070277379933763,4.566210045662101,0.7591823076687243,20.186831199632117
2023-01-02 07:00:00,3.6391276401353907,4.448183685788702,8.087311325924093,4.566210045662101,0.0,21.369686700433554
2023-01-02 08:00:00,4.0771709878858,0.9825250497550895,5.059696037640889,4.566210045662101,0.0,25.79207711706992
2023-01-02 09:00:00,4.4533273382548835,0.20062016662037244,4.653947504875256,4.566210045662101,0.0,22.07526638982459
2023-01-02 10:00:00,4.741962257592753,1.3579759295927603,6.099938187185513,4.566210045662101,0.0,29.449059766052166
2023-01-02 11:00:00,4.923405753138287,0.03855584878644701,4.961961601924734,4.566210045662101,0.0,25.298526613562874
2023-01-02 12:00:00,4.98529275051961,0.32959546113219595,5.314888211651806,4.566210045662101,0.0,24.724338752321792
2023-01-02 13:00:00,4.923405753138287,0.0,4.923405753138287,4.566210045662101,0.0,22.59517525143867
2023-01-02 14:00:00,4.741962257592753,0.0,4.741962257592753,4.566210045662101,0.0,25.584915395195367
2023-01-02 15:00:00,4.4533273382548835,0.05490089116313963,4.508228229418023,4.566210045662101,0.0579818162440775,22.82278851501293
2023-01-02 16:00:00,4.0771709878858,0.11575386564390576,4.192924853529705,4.566210045662101,0.3732851921323954,23.92881315314496
2023-01-02 17:00:00,3.6391276401353907,0.017470609249276393,3.656598249384667,4.566210045662101,0.9096117962774337,28.44160228292581
2023-01-02 18:00:00,3.169049225251989,0.0034636023308544876,3.1725128275828434,4.566210045662101,1.3936972180792573,22.69808061141548
2023-01-02 19:00:00,0.0,0.0011822105281726108,0.0011822105281726108,4.566210045662101,4.565027835133928,24.697020302547003
2023-01-02 20:00:00,0.0,0.0,0.0,4.566210045662101,4.566210045662101,20.44831365468027
2023-01-02 21:00:00,0.0,0.0005468038356937583,0.0005468038356937583,4.566210045662101,4.565663241826407,21.19810668576357
2023-01-02 22:00:00,0.0,0.016772084648259137,0.016772084648259137,4.566210045662101,4.549437961013841,24.19036300171567
2023-01-02 23:00:00,0.0,0.6239062200722302,0.6239062200722302,4.566210045662101,3.9423038255898706,18.75336335045677
2023-01-03 00:00:00,0.0,0.37859336856166526,0.37859336856166526,4.566210045662101,4.1876166771004355,22.721697955506965
2023-01-03 01:00:00,0.0,0.0033893092348615556,0.0033893092348615556,4.566210045662101,4.5628207364272395,21.164935671524315
2023-01-03 02:00:00,0.0,0.8147700358661156,0.8147700358661156,4.566210045662101,3.751440009795985,19.265962513237177
2023-01-03 03:00:00,0.0,0.4988492468070941,0.4988492468070941,4.566210045662101,4.067360798855007,22.2750334794496
2023-01-03 04:00:00,0.0,0.45135218016206113,0.45135218016206113,4.566210045662101,4.114857865500039,23.541909738766567
2023-01-03 05:00:00,0.0,1.8596230614712823,1.8596230614712823,4.566210045662101,2.7065869841908183,23.3842279089911
2023-01-03 06:00:00,3.153147421520776,2.633538097472154,5.786685518992931,4.566210045662101,0.0,19.491885305664933
2023-01-03 07:00:00,3.6235303278804114,2.3724551838729555,5.995985511753367,4.566210045662101,0.0,21.609293189319548
2023-01-03 08:00:00,4.061857416516147,0.36440080815010817,4.426258224666255,4.566210045662101,0.13995182099584547,22.93189058733229
2023-01-03 09:00:00,4.438257420707217,0.5468999744806697,4.985157395187887,4.566210045662101,0.0,23.567331643869448
2023-01-03 10:00:00,4.727079302198419,0.8208992261803655,5.547978528378785,4.566210045662101,0.0,25.167774166059804
2023-01-03 11:00:00,4.908640327066853,1.129218374735274,6.037858701802127,4.566210045662101,0.0,24.409427148248668
2023-01-03 12:00:00,4.970567411511518,0.09462323983288264,5.065190651344401,4.566210045662101,0.0,21.426112122092906
2023-01-03 13:00:00,4.908640327066853,0.08454862756324821,4.993188954630101,4.566210045662101,0.0,24.814420848394086
2023-01-03 14:00:00,4.727079302198419,4.170318306053712e-05,4.72712100538148,4.566210045662101,0.0,25.147601461526094
2023-01-03 15:00:00,4.438257420707217,0.0,4.438257420707217,4.566210045662101,0.1279526249548839,24.83577939793162
2023-01-03 16:00:00,4.061857416516147,0.1251992704874231,4.18705668700357,4.566210045662101,0.37915335865853095,25.588489309544546
2023-01-03 17:00:00,3.6235303278804114,0.25465399458426363,3.878184322464675,4.566210045662101,0.6880257231974256,24.731411850067094
2023-01-03 18:00:00,3.153147421520776,0.0036745934031526743,3.1568220149239288,4.566210045662101,1.4093880307381719,23.55069490390272
2023-01-03 19:00:00,0.0,0.1398594927764395,0.1398594927764395,4.566210045662101,4.426350552885661,22.000276561639417
2023-01-03 20:00:00,0.0,0.044191846433091916,0.044191846433091916,4.566210045662101,4.5220181992290085,18.274878972481126
2023-01-03 21:00:00,0.0,0.0008546814595981384,0.0008546814595981384,4.566210045662101,4.565355364202502,21.86945443960373
2023-01-03 22:00:00,0.0,0.13443325196947264,0.13443325196947264,4.566210045662101,4.431776793692628,20.806271439351935
2023-01-03 23:00:00,0.0,0.9993682136881087,0.9993682136881087,4.566210045662101,3.566841831973992,20.292589475004117
2023-01-04 00:00:00,0.0,0.2041017482709308,0.2041017482709308,4.566210045662101,4.36210829739117,16.28570565985743
2023-01-04 01:00:00,0.0,1.8241441166643444,1.8241441166643444,4.566210045662101,2.7420659289977563,17.329720691781784
2023-01-04 02:00:00,0.0,0.0,0.0,4.566210045662101,4.566210045662101,22.23960374367646
2023-01-04 03:00:00,0.0,1.6208457484732146,1.6208457484732146,4.566210045662101,2.945364297188886,20.67350966561019
2023-01-04 04:00:00,0.0,1.0135412613197272,1.0135412613197272,4.566210045662101,3.5526687843423734,22.7022042062433
2023-01-04 05:00:00,0.0,0.7843272679977447,0.7843272679977447,4.566210045662101,3.781882777664356,21.939646708802577
2023-01-04 06:00:00,3.137144856353176,1.2050732738567036,4.342218130209879,4.566210045662101,0.2239919154522214,22.43424899642228
2023-01-04 07:00:00,3.6078544669340564,0.051795841126443636,3.6596503080605,4.566210045662101,0.9065597376016008,24.682537124906222
2023-01-04 08:00:00,4.0464859954382595,0.7404512330850388,4.786937228523298,4.566210045662101,0.0,22.1372403739855
2023-01-04 09:00:00,4.423147428071099,1.0719283971579234,5.495075825229022,4.566210045662101,0.0,23.650842027936452
2023-01-04 10:00:00,4.712169910661096,2.1882232275276063,6.9003931381887025,4.566210045662101,0.0,22.744281365533308
2023-01-04 11:00:00,4.893857038651979,0.16106054172022438,5.054917580372203,4.566210045662101,0.0,22.92743466350247
2023-01-04 12:00:00,4.955827134523341,0.03839224994283199,4.994219384466173,4.566210045662101,0.0,23.22085856456077
2023-01-04 13:00:00,4.893857038651979,0.03428681713531031,4.928143855787289,4.566210045662101,0.0,24.240694661634528
2023-01-04 14:00:00,4.712169910661096,0.3163362338160386,5.028506144477134,4.566210045662101,0.0,22.711334699616437
2023-01-04 15:00:00,4.423147428071099,0.06429769084469196,4.487445118915791,4.566210045662101,0.07876492674630953,25.970112725201528
2023-01-04 16:00:00,4.0464859954382595,0.00014316184611380504,4.046629157284373,4.566210045662101,0.5195808883777273,21.38011522598124
2023-01-04 17:00:00,3.6078544669340564,0.04227814240095649,3.650132609335013,4.566210045662101,0.9160774363270878,22.43222622463151
2023-01-04 18:00:00,3.137144856353176,0.007780950104143893,3.14492580645732,4.566210045662101,1.4212842392047809,21.49527460088244
2023-01-04 19:00:00,0.0,0.12242807650647886,0.12242807650647886,4.566210045662101,4.443781969155622,24.77696572524912
2023-01-04 20:00:00,0.0,0.0,0.0,4.566210045662101,4.566210045662101,21.7323123645212
2023-01-04 21:00:00,0.0,0.006541727563505024,0.006541727563505024,4.566210045662101,4.559668318098596,22.81630905226077
2023-01-04 22:00:00,0.0,0.01675943123859007,0.01675943123859007,4.566210045662101,4.5494506144235105,17.162177290936715
2023-01-04 23:00:00,0.0,1.691992557519232e-06,1.691992557519232e-06,4.566210045662101,4.566208353669543,20.02593430433683
2023-01-05 00:00:00,0.0,0.3223033182496527,0.3223033182496527,4.566210045662101,4.243906727412448,20.361210343988887
2023-01-05 01:00:00,0.0,0.48653265572715754,0.48653265572715754,4.566210045662101,4.079677389934943,19.399147692393118
2023-01-05 02:00:00,0.0,0.5272522645581236,0.5272522645581236,4.566210045662101,4.038957781103977,22.00700472838532
2023-01-05 03:00:00,0.0,0.5508121423778717,0.5508121423778717,4.566210045662101,4.015397903284229,19.460789014366718
2023-01-05 04:00:00,0.0,0.12836681241852346,0.12836681241852346,4.566210045662101,4.437843233243577,23.90064363311317
2023-01-05 05:00:00,0.0,0.661854675840672,0.661854675840672,4.566210045662101,3.9043553698214284,26.223552145024115
2023-01-05 06:00:00,3.121046037627509,0.7575916873576709,3.87863772498518,4.566210045662101,0.6875723206769209,21.39180553779543
2023-01-05 07:00:00,3.5921041925536974,0.41732091365207136,4.009425106205769,4.566210045662101,0.5567849394563318,21.657710411396643
2023-01-05 08:00:00,4.031060512682075,0.7598622363314079,4.7909227490134825,4.566210045662101,0.0,25.81884472589961
2023-01-05 09:00:00,4.408000850205508,1.084901961586827,5.4929028117923355,4.566210045662101,0.0,26.36049070675987
2023-01-05 10:00:00,4.697237344045137,2.863060394835053,7.560297738880189,4.566210045662101,0.0,22.365857829880817
2023-01-05 11:00:00,4.879059005131696,0.43615759952002153,5.3152166046517175,4.566210045662101,0.0,22.69879942541935
2023-01-05 12:00:00,4.94107498773664,0.3049258653968533,5.246000853133493,4.566210045662101,0.0,23.018379535020998
2023-01-05 13:00:00,4.879059005131696,0.09280844508065894,4.971867450212355,4.566210045662101,0.0,20.85027203754251
2023-01-05 14:00:00,4.697237344045137,0.0,4.697237344045137,4.566210045662101,0.0,21.574273991218956
2023-01-05 15:00:00,4.408000850205508,0.020538322678648913,4.428539172884157,4.566210045662101,0.1376708727779432,21.19306488179431
2023-01-05 16:00:00,4.031060512682075,0.012671006970111306,4.043731519652186,4.566210045662101,0.5224785260099143,21.37648064145595
2023-01-05 17:00:00,3.5921041925536974,0.917547113399937,4.509651305953635,4.566210045662101,0.05655873970846592,22.479345679424625
2023-01-05 18:00:00,3.121046037627509,0.000799535792256894,3.121845573419766,4.566210045662101,1.4443644722423348,22.58591212374779
2023-01-05 19:00:00,0.0,0.01931653235847327,0.01931653235847327,4.566210045662101,4.546893513303627,24.72675688341377
2023-01-05 20:00:00,0.0,0.008271711821988428,0.008271711821988428,4.566210045662101,4.557938333840112,19.08524067126443
2023-01-05 21:00:00,0.0,0.0,0.0,4.566210045662101,4.566210045662101,22.46401071152063
2023-01-05 22:00:00,0.0,0.4121808608384647,0.4121808608384647,4.566210045662101,4.154029184823636,19.4480662898036
2023-01-05 23:00:00,0.0,0.3758289872742007,0.3758289872742007,4.566210045662101,4.1903810583879,19.135652294537408
2023-01-06 00:00:00,0.0,0.5832868129817813,0.5832868129817813,4.566210045662101,3.9829232326803194,19.67475387750779
2023-01-06 01:00:00,0.0,0.06139961082041198,0.06139961082041198,4.566210045662101,4.504810434841689,16.732301811150244
2023-01-06 02:00:00,0.0,1.960281830560877,1.960281830560877,4.566210045662101,2.6059282151012235,20.384029611055286
2023-01-06 03:00:00,0.0,0.07881929047636184,0.07881929047636184,4.566210045662101,4.487390755185738,20.571436471426143
2023-01-06 04:00:00,0.0,1.5004395021414734,1.5004395021414734,4.566210045662101,3.0657705435206273,21.81001742119088
2023-01-06 05:00:00,0.0,5.0,5.0,4.566210045662101,0.0,21.947259326033823
2023-01-06 06:00:00,3.104855487907785,0.3280421087319867,3.432897596639772,4.566210045662101,1.1333124490223287,26.77124907892911
2023-01-06 07:00:00,3.576283629489291,0.5372400401793496,4.11352366966864,4.566210045662101,0.4526863759934603,21.016401626128125
2023-01-06 08:00:00,4.015584722293858,0.9594329322291948,4.975017654523053,4.566210045662101,0.0,21.59324800209314
2023-01-06 09:00:00,4.392821122826234,0.3749389438780447,4.7677600667042785,4.566210045662101,0.0,21.698231502881487
2023-01-06 10:00:00,4.682284793802767,0.02450965961629123,4.706794453419058,4.566210045662101,0.0,22.043789786299413
2023-01-06 11:00:00,4.864249264407739,0.36205543875716106,5.2263047031649,4.566210045662101,0.0,22.007564945430598
2023-01-06 12:00:00,4.92631395667993,0.012561079253335914,4.9388750359332665,4.566210045662101,0.0,25.703147955389685
2023-01-06 13:00:00,4.864249264407739,0.2382604170762986,5.102509681484038,4.566210045662101,0.0,26.123347696023345
2023-01-06 14:00:00,4.682284793802767,0.00023853383540441538,4.6825233276381715,4.566210045662101,0.0,22.01325143712097
2023-01-06 15:00:00,4.392821122826234,0.4667192437592785,4.859540366585513,4.566210045662101,0.0,21.27980140952256
2023-01-06 16:00:00,4.015584722293858,0.0,4.015584722293858,4.566210045662101,0.5506253233682425,23.598073024869585
2023-01-06 17:00:00,3.576283629489291,0.0001596615751802497,3.5764432910644715,4.566210045662101,0.9897667545976292,21.187435506068816
2023-01-06 18:00:00,3.104855487907785,0.0684083388082928,3.1732638267160778,4.566210045662101,1.3929462189460229,23.12651243461834
2023-01-06 19:00:00,0.0,0.0,0.0,4.566210045662101,4.566210045662101,21.774768079920786
2023-01-06 20:00:00,0.0,0.021117499311896108,0.021117499311896108,4.566210045662101,4.5450925463502045,17.79362666318012
2023-01-06 21:00:00,0.0,0.3381440889552465,0.3381440889552465,4.566210045662101,4.228065956706854,23.333542457660155
2023-01-06 22:00:00,0.0,0.0,0.0,4.566210045662101,4.566210045662101,23.21096546487823
2023-01-06 23:00:00,0.0,0.1454610524602038,0.1454610524602038,4.566210045662101,4.420748993201897,17.75216847330607
2023-01-07 00:00:00,0.0,0.27662149962130883,0.27662149962130883,4.566210045662101,4.289588546040791,17.293374218339324
2023-01-07 01:00:00,0.0,0.8139991698829119,0.8139991698829119,4.566210045662101,3.7522108757791885,19.293139080761357
2023-01-07 02:00:00,0.0,0.055496958463568585,0.055496958463568585,4.566210045662101,4.510713087198532,20.031786143697943
2023-01-07 03:00:00,0.0,0.08759973958294878,0.08759973958294878,4.566210045662101,4.478610306079152,21.299283045382403
2023-01-07 04:00:00,0.0,1.3771938892905513,1.3771938892905513,4.566210045662101,3.189016156371549,24.58918641574399
2023-01-07 05:00:00,0.0,1.2692674391484962,1.2692674391484962,4.566210045662101,3.2969426065136043,20.758690028266795
2023-01-07 06:00:00,3.088577743747298,1.2680552487807257,4.356632992528024,4.566210045662101,0.20957705313407704,20.007716755067122
2023-01-07 07:00:00,3.5603968916866164,1.326718223719987,4.887115115406603,4.566210045662101,0.0,19.276905583638413
2023-01-07 08:00:00,4.0000623444118775,0.37553012862314905,4.375592473035026,4.566210045662101,0.19061757262707424,20.937044277249644
2023-01-07 09:00:00,4.377611627901371,0.8556664110396408,5.233278038941012,4.566210045662101,0.0,22.62192105502013
2023-01-07 10:00:00,4.667315382414979,0.6798535080943684,5.347168890509348,4.566210045662101,0.0,26.487522196692208
2023-01-07 11:00:00,4.84943077584069,0.08922481332704799,4.938655589167738,4.566210045662101,0.0,21.990779047007997
2023-01-07 12:00:00,4.911546945076458,1.6186101991722248,6.530157144248683,4.566210045662101,0.0,23.51635324148909
2023-01-07 13:00:00,4.84943077584069,0.22575317122338526,5.075183947064075,4.566210045662101,0.0,22.993155852934837
2023-01-07 14:00:00,4.667315382414979,0.0,4.667315382414979,4.566210045662101,0.0,25.275193016552798
2023-01-07 15:00:00,4.377611627901371,0.10640167396567321,4.484013301867044,4.566210045662101,0.08219674379505637,27.742039852514967
2023-01-07 16:00:00,4.0000623444118775,0.0,4.0000623444118775,4.566210045662101,0.5661477012502232,21.337166811292843
2023-01-07 17:00:00,3.5603968916866164,0.0659597198053958,3.626356611492012,4.566210045662101,0.9398534341700886,21.056665154631023
2023-01-07 18:00:00,3.088577743747298,0.13276569686765136,3.221343440614949,4.566210045662101,1.3448666050471516,23.69263299828217
2023-01-07 19:00:00,0.0,0.0,0.0,4.566210045662101,4.566210045662101,22.47636746250752
2023-01-07 20:00:00,0.0,0.1285962170388915,0.1285962170388915,4.566210045662101,4.437613828623209,24.26219198968336
2023-01-07 21:00:00,0.0,0.06141312443604724,0.06141312443604724,4.566210045662101,4.5047969212260535,21.15005087068867
2023-01-07 22:00:00,0.0,0.23553760675333016,0.23553760675333016,4.566210045662101,4.3306724389087705,18.644288382149778
2023-01-07 23:00:00,0.0,1.2316687996070141,1.2316687996070141,4.566210045662101,3.3345412460550863,19.90271796069617
2023-01-08 00:00:00,0.0,0.10789150149028096,0.10789150149028096,4.566210045662101,4.45831854417182,20.0304192073677
2023-01-08 01:00:00,0.0,0.07565353806230746,0.07565353806230746,4.566210045662101,4.490556507599793,20.10660736969687
2023-01-08 02:00:00,0.0,0.11295551413799543,0.11295551413799543,4.566210045662101,4.453254531524105,20.12165533392908
2023-01-08 03:00:00,0.0,0.2130270163215599,0.2130270163215599,4.566210045662101,4.353183029340541,21.859778587205643
2023-01-08 04:00:00,0.0,0.7450506273933326,0.7450506273933326,4.566210045662101,3.821159418268768,22.65160322709323
2023-01-08 05:00:00,0.0,1.2808208160463683,1.2808208160463683,4.566210045662101,3.285389229615732,23.62113717332054
2023-01-08 06:00:00,3.0722173550228113,1.2590371786852261,4.331254533708037,4.566210045662101,0.2349555119540634,22.645965727313907
2023-01-08 07:00:00,3.544448082047586,1.925842396677725,5.470290478725311,4.566210045662101,0.0,21.445542587024352
2023-01-08 08:00:00,3.984497065423798,0.8197020473096388,4.804199112733437,4.566210045662101,0.0,22.43656643799072
2023-01-08 09:00:00,4.362375694149686,2.3828719513812056,6.745247645530892,4.566210045662101,0.0,24.845427641775032
2023-01-08 10:00:00,4.652332164151542,0.32384980656035406,4.976181970711895,4.566210045662101,0.0,21.00876983567275
2023-01-08 11:00:00,4.8346064211744615,3.747981760318569,8.58258818149303,4.566210045662101,0.0,23.50758297081674
2023-01-08 12:00:00,4.896776775824785,0.4381101258653703,5.3348869016901554,4.566210045662101,0.0,22.026334421547162
2023-01-08 13:00:00,4.8346064211744615,0.004467711180990749,4.839074132355452,4.566210045662101,0.0,22.82772599894057
2023-01-08 14:00:00,4.652332164151542,0.0,4.652332164151542,4.566210045662101,0.0,25.19954490286182
2023-01-08 15:00:00,4.362375694149686,0.06698134079126036,4.429357034940947,4.566210045662101,0.13685301072115408,22.814607844798125
2023-01-08 16:00:00,3.984497065423798,0.0012408648876916838,3.98573793031149,4.566210045662101,0.5804721153506107,22.236012161436374
2023-01-08 17:00:00,3.544448082047586,0.05031029830647667,3.5947583803540626,4.566210045662101,0.9714516653080381,19.06006646569822
2023-01-08 18:00:00,3.0722173550228113,0.021032926474605494,3.0932502814974168,4.566210045662101,1.4729597641646839,22.841053084189063
2023-01-08 19:00:00,0.0,0.0014479376563842983,0.0014479376563842983,4.566210045662101,4.564762108005716,22.14778755352764
2023-01-08 20:00:00,0.0,0.0,0.0,4.566210045662101,4.566210045662101,24.639521492812804
2023-01-08 21:00:00,0.0,0.0,0.0,4.566210045662101,4.566210045662101,19.110872738121333
2023-01-08 22:00:00,0.0,0.007265654865053027,0.007265654865053027,4.566210045662101,4.5589443907970475,19.54540792704237
2023-01-08 23:00:00,0.0,0.3768165652734229,0.3768165652734229,4.566210045662101,4.189393480388678,18.964410374723656
2023-01-09 00:00:00,0.0,0.2320487428756561,0.2320487428756561,4.566210045662101,4.334161302786445,20.712801365449202
2023-01-09 01:00:00,0.0,0.015959752012276774,0.015959752012276774,4.566210045662101,4.550250293649824,18.019934702248605
2023-01-09 02:00:00,0.0,0.5475945355088139,0.5475945355088139,4.566210045662101,4.018615510153287,19.410033082975534
2023-01-09 03:00:00,0.0,0.9326027076318879,0.9326027076318879,4.566210045662101,3.6336073380302127,20.68710498718078
2023-01-09 04:00:00,0.0,0.2536030677113135,0.2536030677113135,4.566210045662101,4.312606977950787,20.43111305223497
2023-01-09 05:00:00,0.0,1.042412680004969,1.042412680004969,4.566210045662101,3.5237973656571318,19.708834721864797
2023-01-09 06:00:00,3.0557788842979203,0.9929516712761738,4.048730555574094,4.566210045662101,0.5174794900880064,21.481608697651605
2023-01-09 07:00:00,3.528441292246009,0.20747569067194727,3.7359169829179564,4.566210045662101,0.8302930627441443,23.671925007097972
2023-01-09 08:00:00,3.9688925382039972,1.1151592012688831,5.08405173947288,4.566210045662101,0.0,19.834991226022325
2023-01-09 09:00:00,4.347116597639946,1.1058482537224683,5.452964851362415,4.566210045662101,0.0,22.44323181677244
2023-01-09 10:00:00,4.637338125948109,1.3831938262384882,6.020531952186596,4.566210045662101,0.0,20.987282307489245
2023-01-09 11:00:00,4.819779005588035,1.0001120747285968,5.819891080316632,4.566210045662101,0.0,24.90521237064099
2023-01-09 12:00:00,4.882006192110072,0.0009000524195415604,4.882906244529614,4.566210045662101,0.0,19.511520996354704
2023-01-09 13:00:00,4.819779005588035,0.0020669689621235143,4.8218459745501585,4.566210045662101,0.0,21.397275418248128
2023-01-09 14:00:00,4.637338125948109,0.12165556601390494,4.758993691962013,4.566210045662101,0.0,23.141947687496636
2023-01-09 15:00:00,4.347116597639946,0.06654723245204514,4.413663830091991,4.566210045662101,0.1525462155701094,25.30834052694737
2023-01-09 16:00:00,3.9688925382039972,0.03817045163207028,4.007062989836068,4.566210045662101,0.559147055826033,21.75652130269847
2023-01-09 17:00:00,3.528441292246009,2.624816778885209,6.1532580711312175,4.566210045662101,0.0,20.41426245399203
2023-01-09 18:00:00,3.0557788842979203,0.026130369060014022,3.081909253357934,4.566210045662101,1.4843007923041664,24.85574285073617
2023-01-09 19:00:00,0.0,0.12148689771546935,0.12148689771546935,4.566210045662101,4.444723147946632,17.70567415013337
2023-01-09 20:00:00,0.0,0.11027020412014468,0.11027020412014468,4.566210045662101,4.455939841541956,15.660282892682089
2023-01-09 21:00:00,0.0,0.09113365993731316,0.09113365993731316,4.566210045662101,4.475076385724788,20.35134086785437
2023-01-09 22:00:00,0.0,0.011439515260823159,0.011439515260823159,4.566210045662101,4.554770530401277,17.847881582729638
2023-01-09 23:00:00,0.0,0.3137602410479829,0.3137602410479829,4.566210045662101,4.252449804614118,16.168060132761088
2023-01-10 00:00:00,0.0,0.022504188955489137,0.022504188955489137,4.566210045662101,4.5437058567066115,18.720214108715275
2023-01-10 01:00:00,0.0,0.1842545355775557,0.1842545355775557,4.566210045662101,4.381955510084545,18.443733602759224
2023-01-10 02:00:00,0.0,0.2083161044334035,0.2083161044334035,4.566210045662101,4.357893941228697,17.469439178155714
2023-01-10 03:00:00,0.0,0.652239686713944,0.652239686713944,4.566210045662101,3.9139703589481565,16.65630957860023
2023-01-10 04:00:00,0.0,4.596852443994807,4.596852443994807,4.566210045662101,0.0,21.54841587067686
2023-01-10 05:00:00,0.0,0.04116371380818086,0.04116371380818086,4.566210045662101,4.52504633185392,21.647710715077494
2023-01-10 06:00:00,3.0392669062139683,1.6893007899981836,4.728567696212152,4.566210045662101,0.0,20.64068339249054
2023-01-10 07:00:00,3.51238060259702,0.07846308764554258,3.5908436902425627,4.566210045662101,0.975366355419538,24.963541907668077
2023-01-10 08:00:00,3.9532523824289183,0.43203800447191015,4.385290386900828,4.566210045662101,0.18091965876127247,19.49345870038646
2023-01-10 09:00:00,4.331837562489182,1.7062026581182597,6.038040220607441,4.566210045662101,0.0,18.871848534823524
2023-01-10 10:00:00,4.622336188398295,0.45947735942430457,5.081813547822599,4.566210045662101,0.0,20.749314205799422
2023-01-10 11:00:00,4.804951258872233,0.025777039198903368,4.830728298071136,4.566210045662101,0.0,22.169553488274623
2023-01-10 12:00:00,4.8672378586438665,0.027283317700381796,4.894521176344249,4.566210045662101,0.0,22.790180112761952
2023-01-10 13:00:00,4.804951258872233,0.2654149702429541,5.070366229115187,4.566210045662101,0.0,21.77825340527296
2023-01-10 14:00:00,4.622336188398295,0.0004970309537211903,4.6228332193520165,4.566210045662101,0.0,22.837241138590503
2023-01-10 15:00:00,4.331837562489182,0.02631762615476646,4.3581551886439485,4.566210045662101,0.20805485701815218,19.419820028292115
2023-01-10 16:00:00,3.9532523824289183,0.0051683890069216315,3.95842077143584,4.566210045662101,0.6077892742262607,24.52115744118528
2023-01-10 17:00:00,3.51238060259702,0.0,3.51238060259702,4.566210045662101,1.0538294430650805,21.10596555878761
2023-01-10 18:00:00,3.0392669062139683,0.5073567233504379,3.5466236295644062,4.566210045662101,1.0195864160976944,23.073626783225563
2023-01-10 19:00:00,0.0,0.03307602957781349,0.03307602957781349,4.566210045662101,4.533134016084287,21.032759051915583
2023-01-10 20:00:00,0.0,0.0,0.0,4.566210045662101,4.566210045662101,20.717007652424137
2023-01-10 21:00:00,0.0,0.023810266192200565,0.023810266192200565,4.566210045662101,4.5423997794699,20.356452936406427
2023-01-10 22:00:00,0.0,0.001046557811707998,0.001046557811707998,4.566210045662101,4.565163487850393,19.493013559663805
2023-01-10 23:00:00,0.0,0.3413726116043555,0.3413726116043555,4.566210045662101,4.224837434057745,19.241577694951918
2023-01-11 00:00:00,0.0,0.01859212765445519,0.01859212765445519,4.566210045662101,4.547617918007646,19.70821171336122
2023-01-11 01:00:00,0.0,0.21358792284903338,0.21358792284903338,4.566210045662101,4.3526221228130675,18.095579953599554
2023-01-11 02:00:00,0.0,0.7388962989685557,0.7388962989685557,4.566210045662101,3.827313746693545,19.762009393785984
2023-01-11 03:00:00,0.0,1.3724537283314466,1.3724537283314466,4.566210045662101,3.193756317330654,18.783852426347355
2023-01-11 04:00:00,0.0,0.13106890052987433,0.13106890052987433,4.566210045662101,4.435141145132226,22.430141083995302
2023-01-11 05:00:00,0.0,0.5780822935134626,0.5780822935134626,4.566210045662101,3.988127752148638,18.74092919402142
2023-01-11 06:00:00,3.022686006906868,0.5160779967648792,3.5387640036717474,4.566210045662101,1.0274460419903533,24.187321424850726
2023-01-11 07:00:00,3.4962700819783405,0.3878816666591436,3.884151748637484,4.566210045662101,0.6820582970246165,20.93635745326385
2023-01-11 08:00:00,3.9375801849683794,3.1960882075663433,7.133668392534723,4.566210045662101,0.0,18.518483467782453
2023-01-11 09:00:00,4.316541761657643,0.8885256340426302,5.205067395700273,4.566210045662101,0.0,21.92551314547437
2023-01-11 10:00:00,4.607329206858373,0.03575577397594208,4.643084980834315,4.566210045662101,0.0,20.517432469591938
2023-01-11 11:00:00,4.790125836729113,0.8141605812907792,5.604286418019893,4.566210045662101,0.0,23.688418057942858
2023-01-11 12:00:00,4.85247436302989,1.78629488541493,6.63876924844482,4.566210045662101,0.0,20.744658694491577
2023-01-11 13:00:00,4.790125836729113,0.4159470603682783,5.206072897097392,4.566210045662101,0.0,21.11476409353585
2023-01-11 14:00:00,4.607329206858373,0.0,4.607329206858373,4.566210045662101,0.0,18.100454322650634
2023-01-11 15:00:00,4.316541761657643,0.00019963735451643342,4.316741399012159,4.566210045662101,0.24946864664994184,20.764691677154637
2023-01-11 16:00:00,3.9375801849683794,0.1749715432953483,4.112551728263727,4.566210045662101,0.45365831739837326,16.53227501876064
2023-01-11 17:00:00,3.4962700819783405,0.0,3.4962700819783405,4.566210045662101,1.06993996368376,17.848867707581086
2023-01-11 18:00:00,3.022686006906868,0.012707340239154789,3.035393347146023,4.566210045662101,1.5308166985160776,22.10626987131769
2023-01-11 19:00:00,0.0,0.04503645187886346,0.04503645187886346,4.566210045662101,4.521173593783237,21.665314115441628
2023-01-11 20:00:00,0.0,0.0,0.0,4.566210045662101,4.566210045662101,20.400821776666287
2023-01-11 21:00:00,0.0,0.007604011506239414,0.007604011506239414,4.566210045662101,4.558606034155861,17.029371528663383
2023-01-11 22:00:00,0.0,0.0,0.0,4.566210045662101,4.566210045662101,18.248579166325005
2023-01-11 23:00:00,0.0,0.00045967017925632573,0.00045967017925632573,4.566210045662101,4.565750375482844,17.69533253601548
2023-01-12 00:00:00,0.0,0.07931383365102443,0.07931383365102443,4.566210045662101,4.486896212011076,14.480456890017974
2023-01-12 01:00:00,0.0,0.010374946129870239,0.010374946129870239,4.566210045662101,4.5558350995322305,20.45661383303762
2023-01-12 02:00:00,0.0,2.0001402590525625,2.0001402590525625,4.566210045662101,2.566069786609538,19.846006075067006
2023-01-12 03:00:00,0.0,0.044084178455828085,0.044084178455828085,4.566210045662101,4.522125867206273,18.26867508256918
2023-01-12 04:00:00,0.0,0.4124683296490168,0.4124683296490168,4.566210045662101,4.153741716013084,19.35095794639212
2023-01-12 05:00:00,0.0,0.9224710648319262,0.9224710648319262,4.566210045662101,3.6437389808301743,20.257759029341766
2023-01-12 06:00:00,3.0060407834480696,2.8312644375949647,5.837305221043034,4.566210045662101,0.0,16.249250437487216
2023-01-12 07:00:00,3.4801137878013755,0.09969748539787597,3.5798112731992515,4.566210045662101,0.9863987724628491,20.269598204818042
2023-01-12 08:00:00,3.9218795003506868,2.0293945395726225,5.951274039923309,4.566210045662101,0.0,19.763344791329654
2023-01-12 09:00:00,4.301232317838124,0.5553188604903774,4.856551178328502,4.566210045662101,0.0,19.41334391116966
2023-01-12 10:00:00,4.592319972662092,0.06861269732790917,4.660932669990001,4.566210045662101,0.0,21.064614814076492
2023-01-12 11:00:00,4.77530532219143,0.46457651881420814,5.239881841005639,4.566210045662101,0.0,25.349783628971156
2023-01-12 12:00:00,4.837718217253304,0.19171077940113554,5.029428996654439,4.566210045662101,0.0,23.07887199093708
2023-01-12 13:00:00,4.77530532219143,0.008519090853854017,4.783824413045284,4.566210045662101,0.0,20.612052595706515
2023-01-12 14:00:00,4.592319972662092,0.03204177924042417,4.624361751902516,4.566210045662101,0.0,22.77198096256072
2023-01-12 15:00:00,4.301232317838124,0.0005056681201134583,4.301737985958238,4.566210045662101,0.2644720597038628,24.2152948041315
2023-01-12 16:00:00,3.9218795003506868,0.0051811472467008825,3.9270606475973877,4.566210045662101,0.6391493980647129,22.97658065315079
2023-01-12 17:00:00,3.4801137878013755,0.029278609807875076,3.5093923976092505,4.566210045662101,1.0568176480528502,20.883213709699586
2023-01-12 18:00:00,3.0060407834480696,0.2096470963861602,3.21568787983423,4.566210045662101,1.3505221658278708,19.03884661892465
2023-01-12 19:00:00,0.0,0.0,0.0,4.566210045662101,4.566210045662101,21.237440040673846
2023-01-12 20:00:00,0.0,0.5721662527032844,0.5721662527032844,4.566210045662101,3.9940437929588164,20.08415703924656
2023-01-12 21:00:00,0.0,0.0,0.0,4.566210045662101,4.566210045662101,20.500989870283973
2023-01-12 22:00:00,0.0,0.01479895473204657,0.01479895473204657,4.566210045662101,4.5514110909300545,19.361625097279607
2023-01-12 23:00:00,0.0,0.20640551162470838,0.20640551162470838,4.566210045662101,4.3598045340373925,19.54892266014199
2023-01-13 00:00:00,0.0,0.20783983481334561,0.20783983481334561,4.566210045662101,4.358370210848755,15.474944523419683
2023-01-13 01:00:00,0.0,0.06921407222603969,0.06921407222603969,4.566210045662101,4.496995973436061,19.83283403890973
2023-01-13 02:00:00,0.0,0.274779959461111,0.274779959461111,4.566210045662101,4.2914300862009895,18.234709381438222
2023-01-13 03:00:00,0.0,0.2711911287988395,0.2711911287988395,4.566210045662101,4.2950189168632615,22.609353853616803
2023-01-13 04:00:00,0.0,0.32123878743538437,0.32123878743538437,4.566210045662101,4.244971258226716,17.667039310361684
2023-01-13 05:00:00,0.0,1.7127138742349293,1.7127138742349293,4.566210045662101,2.8534961714271714,23.061149697914924
2023-01-13 06:00:00,2.9893358433078383,1.1607639579529465,4.150099801260785,4.566210045662101,0.41611024440131583,20.476770419398854
2023-01-13 07:00:00,3.463915766030095,0.33500984858089433,3.7989256146109893,4.566210045662101,0.7672844310511113,19.2093456407681
2023-01-13 08:00:00,3.9061538512992353,1.5990562547700347,5.50521010606927,4.566210045662101,0.0,19.90777029735437
2023-01-13 09:00:00,4.285912304437157,0.7478595514894271,5.0337718559265845,4.566210045662101,0.0,20.524117992708614
2023-01-13 10:00:00,4.577311214443028,0.9479729739303366,5.525284188373364,4.566210045662101,0.0,22.223375970789995
2023-01-13 11:00:00,4.760492227159414,0.5475135154297094,5.308005742589123,4.566210045662101,0.0,22.54831022948087
2023-01-13 12:00:00,4.822971859290633,0.01235206176814762,4.835323921058781,4.566210045662101,0.0,20.39801493866366
2023-01-13 13:00:00,4.760492227159414,0.008785115459373886,4.769277342618788,4.566210045662101,0.0,21.453930068887907
2023-01-13 14:00:00,4.577311214443028,0.14648725241695143,4.7237984668599795,4.566210045662101,0.0,25.659584795209888
2023-01-13 15:00:00,4.285912304437157,0.06057730612466232,4.346489610561819,4.566210045662101,0.21972043510028172,24.619898949298676
2023-01-13 16:00:00,3.9061538512992353,0.001658754361893245,3.9078126056611286,4.566210045662101,0.658397440000972,21.748189304811078
2023-01-13 17:00:00,3.463915766030095,0.0017284935551404779,3.4656442595852353,4.566210045662101,1.1005657860768654,20.588188604333396
2023-01-13 18:00:00,2.9893358433078383,0.11253776673668833,3.1018736100445268,4.566210045662101,1.4643364356175739,20.32101150591008
2023-01-13 19:00:00,0.0,0.0,0.0,4.566210045662101,4.566210045662101,20.81625803704526
2023-01-13 20:00:00,0.0,0.027873409286115206,0.027873409286115206,4.566210045662101,4.538336636375986,16.999829816144008
2023-01-13 21:00:00,0.0,0.002113537239408063,0.002113537239408063,4.566210045662101,4.5640965084226925,17.94407903351958
2023-01-13 22:00:00,0.0,0.009683832715667522,0.009683832715667522,4.566210045662101,4.556526212946433,14.502342024298247
2023-01-13 23:00:00,0.0,0.41542836238748915,0.41542836238748915,4.566210045662101,4.150781683274611,17.99649215285164
2023-01-14 00:00:00,0.0,0.4365931998330357,0.4365931998330357,4.566210045662101,4.129616845829065,17.58905917219145
2023-01-14 01:00:00,0.0,0.6518046495478107,0.6518046495478107,4.566210045662101,3.91440539611429,15.98092532928748
2023-01-14 02:00:00,0.0,1.4496690102912846,1.4496690102912846,4.566210045662101,3.1165410353708163,20.73673604487864
2023-01-14 03:00:00,0.0,0.5190521549580672,0.5190521549580672,4.566210045662101,4.0471578907040335,15.756553128606738
2023-01-14 04:00:00,0.0,1.2867644013485298,1.2867644013485298,4.566210045662101,3.279445644313571,15.86591753236633
2023-01-14 05:00:00,0.0,0.5278152624786632,0.5278152624786632,4.566210045662101,4.0383947831834375,19.78737807494952
2023-01-14 06:00:00,2.9725758038389354,1.0907553752405756,4.063331179079511,4.566210045662101,0.5028788665825896,21.924397803943016
2023-01-14 07:00:00,3.4476800512454946,0.6511857248516386,4.098865776097133,4.566210045662101,0.46734426956496744,23.629289377157885
2023-01-14 08:00:00,3.8904067293381877,0.7225379984881317,4.612944727826319,4.566210045662101,0.0,19.707025785970284
2023-01-14 09:00:00,4.270584746645428,0.9717234373099758,5.242308183955403,4.566210045662101,0.0,23.071426622204996
2023-01-14 10:00:00,4.562305599561604,0.08560214377794383,4.647907743339548,4.566210045662101,0.0,21.047279485229897
2023-01-14 11:00:00,4.745688994051986,2.1128384750183047,6.858527469070291,4.566210045662101,0.0,20.906636999773383
2023-01-14 12:00:00,4.8082376548374395,0.004305180471441907,4.812542835308881,4.566210045662101,0.0,23.061987167759316
2023-01-14 13:00:00,4.745688994051986,0.0,4.745688994051986,4.566210045662101,0.0,22.55653735648186
2023-01-14 14:00:00,4.562305599561604,0.27456000943646497,4.836865608998069,4.566210045662101,0.0,17.97151211026281
2023-01-14 15:00:00,4.270584746645428,0.08567946465594502,4.356264211301372,4.566210045662101,0.20994583436072833,23.867145654794196
2023-01-14 16:00:00,3.8904067293381877,0.03197105700562004,3.922377786343808,4.566210045662101,0.6438322593182928,23.384977020003067
2023-01-14 17:00:00,3.4476800512454946,0.02089148352659838,3.468571534772093,4.566210045662101,1.0976385108900075,19.010308591223087
2023-01-14 18:00:00,2.9725758038389354,0.0001421204526641671,2.9727179242915995,4.566210045662101,1.5934921213705011,20.621808265593526
2023-01-14 19:00:00,0.0,0.0,0.0,4.566210045662101,4.566210045662101,20.326534810395053
2023-01-14 20:00:00,0.0,0.0026835388771008677,0.0026835388771008677,4.566210045662101,4.563526506785,19.316014824433786
2023-01-14 21:00:00,0.0,0.0,0.0,4.566210045662101,4.566210045662101,17.10747414692058
2023-01-14 22:00:00,0.0,0.20580106036544182,0.20580106036544182,4.566210045662101,4.360408985296659,16.245515782422473
2023-01-14 23:00:00,0.0,0.03590104335597002,0.03590104335597002,4.566210045662101,4.53030900230613,16.89619011190334
2023-01-15 00:00:00,0.0,0.00933901419852538,0.00933901419852538,4.566210045662101,4.556871031463575,18.39047564759862
2023-01-15 01:00:00,0.0,0.11544198329573556,0.11544198329573556,4.566210045662101,4.4507680623663655,17.784848879369015
2023-01-15 02:00:00,0.0,0.5728232405669971,0.5728232405669971,4.566210045662101,3.9933868050951036,16.597884170420283
2023-01-15 03:00:00,0.0,0.2187720165161881,0.2187720165161881,4.566210045662101,4.347438029145913,19.50183219220203
2023-01-15 04:00:00,0.0,0.20266629304295514,0.20266629304295514,4.566210045662101,4.363543752619146,12.847932367819741
2023-01-15 05:00:00,0.0,0.9342296196740423,0.9342296196740423,4.566210045662101,3.6319804259880586,21.3863561548677
2023-01-15 06:00:00,2.9557652917787185,0.9784882056477306,3.9342534974264494,4.566210045662101,0.6319565482356513,16.10112395745643
2023-01-15 07:00:00,3.431410666753382,0.39435588144695777,3.8257665482003396,4.566210045662101,0.7404434974617611,19.286902427729803
2023-01-15 08:00:00,3.8746415954646682,0.34545276559351445,4.220094361058183,4.566210045662101,0.34611568460391773,18.135804838749795
2023-01-15 09:00:00,4.255252622594648,0.6393871846535403,4.894639807248189,4.566210045662101,0.0,18.075052320194516
2023-01-15 10:00:00,4.5473057356338735,0.011380208083481289,4.558685943717355,4.566210045662101,0.007524101944746064,23.196300315282272
2023-01-15 11:00:00,4.7308979975693095,0.0023797877417944574,4.733277785311104,4.566210045662101,0.0,20.06683951332516
2023-01-15 12:00:00,4.7935178991506175,0.014782390103810687,4.808300289254428,4.566210045662101,0.0,21.738025372541323
2023-01-15 13:00:00,4.7308979975693095,0.026318785797588493,4.757216783366898,4.566210045662101,0.0,20.908400758190574
2023-01-15 14:00:00,4.5473057356338735,0.048006128359333954,4.595311863993207,4.566210045662101,0.0,21.828728394971474
2023-01-15 15:00:00,4.255252622594648,0.2777959131408798,4.533048535735528,4.566210045662101,0.03316150992657274,20.818059053756837
2023-01-15 16:00:00,3.8746415954646682,0.055982478058448984,3.9306240735231173,4.566210045662101,0.6355859721389834,17.809160179624946
2023-01-15 17:00:00,3.431410666753382,5.273998727899404e-07,3.4314111941532546,4.566210045662101,1.134798851508846,22.004317949430348
2023-01-15 18:00:00,2.9557652917787185,6.001364589891562e-05,2.9558253054246175,4.566210045662101,1.6103847402374831,18.593038348690005
2023-01-15 19:00:00,0.0,0.0,0.0,4.566210045662101,4.566210045662101,15.975660956803996
2023-01-15 20:00:00,0.0,0.0009252059812719176,0.0009252059812719176,4.566210045662101,4.565284839680829,17.688787287148067
2023-01-15 21:00:00,0.0,0.00048348317057512444,0.00048348317057512444,4.566210045662101,4.565726562491525,20.959954352173963
2023-01-15 22:00:00,0.0,0.04954524208063905,0.04954524208063905,4.566210045662101,4.516664803581461,19.039556318819486
2023-01-15 23:00:00,0.0,0.0009334860866551843,0.0009334860866551843,4.566210045662101,4.565276559575445,16.000344301364436
2023-01-16 00:00:00,0.0,0.25898175884824715,0.25898175884824715,4.566210045662101,4.307228286813854,15.098024463374902
2023-01-16 01:00:00,0.0,1.257835464639282,1.257835464639282,4.566210045662101,3.308374581022819,15.805900730677251
2023-01-16 02:00:00,0.0,0.2745786995469263,0.2745786995469263,4.566210045662101,4.2916313461151745,21.244131064646044
2023-01-16 03:00:00,0.0,0.7434944694578555,0.7434944694578555,4.566210045662101,3.8227155762042453,18.473827938300317
2023-01-16 04:00:00,0.0,1.2206852671020307,1.2206852671020307,4.566210045662101,3.34552477856007,19.1566231663939
2023-01-16 05:00:00,0.0,0.4337047687150297,0.4337047687150297,4.566210045662101,4.132505276947071,20.90091392511905
2023-01-16 06:00:00,2.9389089427676,0.9274425683511022,3.8663515111187023,4.566210045662101,0.6998585345433983,19.809652095997524
2023-01-16 07:00:00,3.4151116247331146,0.708776356538816,4.12388798127193,4.566210045662101,0.4423220643901704,19.24522228182653
2023-01-16 08:00:00,3.858861880884821,0.6720884176452467,4.530950298530068,4.566210045662101,0.035259747132032615,19.733967192764
2023-01-16 09:00:00,4.239918864597951,0.14360976387680863,4.383528628474759,4.566210045662101,0.1826814171873412,20.272735015740064
2023-01-16 10:00:00,4.532314172158895,0.333287200010173,4.865601372169068,4.566210045662101,0.0,20.55172453043742
2023-01-16 11:00:00,4.716121546563466,0.40977762133918083,5.125899167902647,4.566210045662101,0.0,22.20902326615477
2023-01-16 12:00:00,4.778814819002043,0.8322299011446748,5.611044720146717,4.566210045662101,0.0,20.90043164362636
2023-01-16 13:00:00,4.716121546563466,0.29844499691730175,5.014566543480767,4.566210045662101,0.0,22.21904433331197
2023-01-16 14:00:00,4.532314172158895,0.8631563130732428,5.395470485232138,4.566210045662101,0.0,20.464735843239936
2023-01-16 15:00:00,4.239918864597951,0.0,4.239918864597951,4.566210045662101,0.3262911810641498,20.573207915200374
2023-01-16 16:00:00,3.858861880884821,0.05338522453825135,3.9122471054230727,4.566210045662101,0.6539629402390279,16.130265521869738
2023-01-16 17:00:00,3.4151116247331146,0.0012950816310475137,3.416406706364162,4.566210045662101,1.1498033392979385,21.5959619228729
2023-01-16 18:00:00,2.9389089427676,0.41702546704300875,3.355934409810609,4.566210045662101,1.2102756358514917,20.02505072974048
2023-01-16 19:00:00,0.0,0.0,0.0,4.566210045662101,4.566210045662101,20.83636723677467
2023-01-16 20:00:00,0.0,0.0,0.0,4.566210045662101,4.566210045662101,12.50402911562438
2023-01-16 21:00:00,0.0,0.0,0.0,4.566210045662101,4.566210045662101,21.886706443398666
2023-01-16 22:00:00,0.0,0.0,0.0,4.566210045662101,4.566210045662101,16.81145584121402
2023-01-16 23:00:00,0.0,0.006336838101033121,0.006336838101033121,4.566210045662101,4.5598732075610675,18.665536466587053
2023-01-17 00:00:00,0.0,0.009350702676081395,0.009350702676081395,4.566210045662101,4.556859342986019,13.469495856646587
2023-01-17 01:00:00,0.0,0.23709097635456142,0.23709097635456142,4.566210045662101,4.32911906930754,17.427486482123047
2023-01-17 02:00:00,0.0,0.4852795987637346,0.4852795987637346,4.566210045662101,4.080930446898366,14.73657181006294
2023-01-17 03:00:00,0.0,2.5995207473903585,2.5995207473903585,4.566210045662101,1.966689298271742,16.215186951331486
2023-01-17 04:00:00,0.0,1.4920864951782993,1.4920864951782993,4.566210045662101,3.0741235504838014,21.87737041863122
2023-01-17 05:00:00,0.0,0.3271573516807178,0.3271573516807178,4.566210045662101,4.239052693981383,18.21175005441456
2023-01-17 06:00:00,2.9220114008817637,0.21515551297113714,3.137166913852901,4.566210045662101,1.4290431318091996,19.519707363189834
2023-01-17 07:00:00,3.39878692642482,1.1146561881128152,4.513443114537635,4.566210045662101,0.05276693112446562,21.256209873731333
2023-01-17 08:00:00,3.8430709878109286,0.0658569116423138,3.9089278994532424,4.566210045662101,0.6572821462088583,20.870798505765052
2023-01-17 09:00:00,4.224586360470749,2.5178715078241316,6.74245786829488,4.566210045662101,0.0,20.469543183741234
2023-01-17 10:00:00,4.51733340224148,1.185677894686319,5.703011296927799,4.566210045662101,0.0,21.108858847275442
2023-01-17 11:00:00,4.701361886013807,0.07267833829376429,4.774040224307571,4.566210045662101,0.0,25.31336318824325
2023-01-17 12:00:00,4.764130574740093,0.0,4.764130574740093,4.566210045662101,0.0,20.43407011683048
2023-01-17 13:00:00,4.701361886013807,0.4854952467717144,5.186857132785521,4.566210045662101,0.0,20.908730111196636
2023-01-17 14:00:00,4.51733340224148,0.008426532411529077,4.525759934653009,4.566210045662101,0.04045011100909157,22.480245634358216
2023-01-17 15:00:00,4.224586360470749,0.16974641523474515,4.394332775705494,4.566210045662101,0.17187726995660668,22.37975723937005
2023-01-17 16:00:00,3.8430709878109286,0.0,3.8430709878109286,4.566210045662101,0.723139057851172,22.253495340940603
2023-01-17 17:00:00,3.39878692642482,0.0,3.39878692642482,4.566210045662101,1.1674231192372808,20.793534856412194
2023-01-17 18:00:00,2.9220114008817637,1.665703563432207e-05,2.922028057917398,4.566210045662101,1.6441819877447026,16.798831791369423
2023-01-17 19:00:00,0.0,0.00015661987541103109,0.00015661987541103109,4.566210045662101,4.56605342578669,21.859977920543443
2023-01-17 20:00:00,0.0,0.0,0.0,4.566210045662101,4.566210045662101,15.756616924860271
2023-01-17 21:00:00,0.0,0.04420482087593485,0.04420482087593485,4.566210045662101,4.522005224786166,18.067995803201164
2023-01-17 22:00:00,0.0,0.0,0.0,4.566210045662101,4.566210045662101,15.334851236371538
2023-01-17 23:00:00,0.0,0.026750662098383445,0.026750662098383445,4.566210045662101,4.539459383563718,16.073661978811923
2023-01-18 00:00:00,0.0,0.1149119390966971,0.1149119390966971,4.566210045662101,4.451298106565403,15.96091920656956
2023-01-18 01:00:00,0.0,0.383789643224524,0.383789643224524,4.566210045662101,4.182420402437577,16.598739777963402
2023-01-18 02:00:00,0.0,0.7181571230089758,0.7181571230089758,4.566210045662101,3.8480529226531246,17.441331119945772
2023-01-18 03:00:00,0.0,0.05834712933274447,0.05834712933274447,4.566210045662101,4.507862916329356,20.444234085905343
2023-01-18 04:00:00,0.0,0.03387577811954654,0.03387577811954654,4.566210045662101,4.532334267542554,18.710462988990557
2023-01-18 05:00:00,0.0,2.106301456198593,2.106301456198593,4.566210045662101,2.4599085894635078,17.858888260424905
2023-01-18 06:00:00,2.905077318177983,0.9674311816522452,3.872508499830228,4.566210045662101,0.6937015458318725,20.76710262847205
2023-01-18 07:00:00,3.3824405623525666,0.24128131477684578,3.6237218771294124,4.566210045662101,0.9424881685326882,21.649102065268057
2023-01-18 08:00:00,3.8272722903167145,2.339414988891086,6.1666872792078005,4.566210045662101,0.0,17.178305774610806
2023-01-18 09:00:00,4.209257954928857,0.4957667281537969,4.705024683082653,4.566210045662101,0.0,21.11759218821875
2023-01-18 10:00:00,4.502365864406832,1.1500285103840138,5.652394374790846,4.566210045662101,0.0,21.53536900202974
2023-01-18 11:00:00,4.686621199103441,0.19641551639445975,4.883036715497901,4.566210045662101,0.0,19.665491686111668
2023-01-18 12:00:00,4.749467262455447,1.395872159820236,6.145339422275683,4.566210045662101,0.0,23.054808012585838
2023-01-18 13:00:00,4.686621199103441,0.7434746706319927,5.430095869735434,4.566210045662101,0.0,19.960507518766597
2023-01-18 14:00:00,4.502365864406832,0.003313445483246016,4.505679309890078,4.566210045662101,0.06053073577202284,20.384176424351026
2023-01-18 15:00:00,4.209257954928857,0.09505944720965645,4.304317402138514,4.566210045662101,0.2618926435235869,19.576648399951296
2023-01-18 16:00:00,3.8272722903167145,0.02225763192399538,3.84952992224071,4.566210045662101,0.7166801234213906,19.66467950004773
2023-01-18 17:00:00,3.3824405623525666,0.10602251176040872,3.488463074112975,4.566210045662101,1.0777469715491255,17.07761091362837
2023-01-18 18:00:00,2.905077318177983,0.0,2.905077318177983,4.566210045662101,1.6611327274841177,15.958826526706748
2023-01-18 19:00:00,0.0,0.015848442809673534,0.015848442809673534,4.566210045662101,4.550361602852427,21.536211657456146
2023-01-18 20:00:00,0.0,0.07183482432856511,0.07183482432856511,4.566210045662101,4.494375221333535,16.109471689325943
2023-01-18 21:00:00,0.0,0.0,0.0,4.566210045662101,4.566210045662101,15.234026848875434
2023-01-18 22:00:00,0.0,0.0,0.0,4.566210045662101,4.566210045662101,12.290709384267775
2023-01-18 23:00:00,0.0,0.0,0.0,4.566210045662101,4.566210045662101,14.678101851683854
2023-01-19 00:00:00,0.0,0.0424184282931337,0.0424184282931337,4.566210045662101,4.523791617368967,12.412693179817051
2023-01-19 01:00:00,0.0,0.4785712909902853,0.4785712909902853,4.566210045662101,4.087638754671815,18.995534048005045
2023-01-19 02:00:00,0.0,1.490185515147365,1.490185515147365,4.566210045662101,3.0760245305147356,18.37260217082992
2023-01-19 03:00:00,0.0,0.45177442150266894,0.45177442150266894,4.566210045662101,4.114435624159432,15.595989238102048
2023-01-19 04:00:00,0.0,2.4174410399977315,2.4174410399977315,4.566210045662101,2.148769005664369,22.063744377320663
2023-01-19 05:00:00,0.0,0.06712920312610522,0.06712920312610522,4.566210045662101,4.499080842535996,20.06621088565884
2023-01-19 06:00:00,2.8881113542483057,0.031555831500718085,2.9196671857490237,4.566210045662101,1.646542859913077,17.944743905547544
2023-01-19 07:00:00,3.3660765125808565,0.5872637719912888,3.9533402845721453,4.566210045662101,0.6128697610899554,14.026828038341076
2023-01-19 08:00:00,3.8114691352478154,0.8229939573923204,4.634463092640136,4.566210045662101,0.0,23.970884930735725
2023-01-19 09:00:00,4.193936451060536,0.3931341883956951,4.587070639456232,4.566210045662101,0.0,16.899125495661288
2023-01-19 10:00:00,4.487413944503511,0.0,4.487413944503511,4.566210045662101,0.0787961011585896,16.597704404163608
2023-01-19 11:00:00,4.671901609393087,0.14037296944171257,4.8122745788348,4.566210045662101,0.0,22.06123793752038
2023-01-19 12:00:00,4.734826916247324,1.7049861507303465e-06,4.734828621233475,4.566210045662101,0.0,24.938377579310597
2023-01-19 13:00:00,4.671901609393087,0.15925104429301112,4.8311526536860985,4.566210045662101,0.0,22.784642710522135
2023-01-19 14:00:00,4.487413944503511,0.038881040106225936,4.526294984609737,4.566210045662101,0.039915061052363754,21.01632013818211
2023-01-19 15:00:00,4.193936451060536,0.0,4.193936451060536,4.566210045662101,0.3722735946015643,20.867779112519052
2023-01-19 16:00:00,3.8114691352478154,0.0,3.8114691352478154,4.566210045662101,0.7547409104142853,21.095830903114855
2023-01-19 17:00:00,3.3660765125808565,0.0,3.3660765125808565,4.566210045662101,1.2001335330812442,20.54349664766175
2023-01-19 18:00:00,2.8881113542483057,0.0,2.8881113542483057,4.566210045662101,1.678098691413795,19.156789520503537
2023-01-19 19:00:00,0.0,0.03533231494409117,0.03533231494409117,4.566210045662101,4.530877730718009,18.311082119579403
2023-01-19 20:00:00,0.0,0.0,0.0,4.566210045662101,4.566210045662101,17.433686510833002
2023-01-19 21:00:00,0.0,0.025320315692999064,0.025320315692999064,4.566210045662101,4.540889729969102,15.464360750724143
2023-01-19 22:00:00,0.0,0.00010343529175423462,0.00010343529175423462,4.566210045662101,4.566106610370347,15.791617838411105
2023-01-19 23:00:00,0.0,0.00028915431755163605,0.00028915431755163605,4.566210045662101,4.565920891344549,12.325590099341536
2023-01-20 00:00:00,0.0,0.05979697748445423,0.05979697748445423,4.566210045662101,4.506413068177647,14.619136056349502
2023-01-20 01:00:00,0.0,0.008156895192978554,0.008156895192978554,4.566210045662101,4.558053150469122,13.491264056737425
2023-01-20 02:00:00,0.0,0.0990264289982943,0.0990264289982943,4.566210045662101,4.467183616663807,13.902731901020061
2023-01-20 03:00:00,0.0,0.04030892828908262,0.04030892828908262,4.566210045662101,4.525901117373018,17.089020774071408
2023-01-20 04:00:00,0.0,2.991742669238595,2.991742669238595,4.566210045662101,1.5744673764235055,20.0998198826282
2023-01-20 05:00:00,0.0,0.6281599054363364,0.6281599054363364,4.566210045662101,3.9380501402257644,19.69625566698723
2023-01-20 06:00:00,2.871118175782371,0.2524916290619739,3.123609804844345,4.566210045662101,1.4426002408177556,15.210348008625385
2023-01-20 07:00:00,3.349698747001737,0.7650071766647465,4.114705923666484,4.566210045662101,0.45150412199561707,16.803325738254504
2023-01-20 08:00:00,3.7956648431842916,0.44779792117727046,4.243462764361562,4.566210045662101,0.322747281300539,21.027484704837626
2023-01-20 09:00:00,4.178624611869014,0.28848610313126755,4.467110715000282,4.566210045662101,0.09909933066181864,17.470238185418815
2023-01-20 10:00:00,4.472479977690981,0.5983354053662556,5.070815383057237,4.566210045662101,0.0,19.19617814139029
2023-01-20 11:00:00,4.6572051830883785,0.48309949709241307,5.140304680180791,4.566210045662101,0.0,20.873143814857155
2023-01-20 12:00:00,4.720211510586211,0.016242025627796,4.7364535362140066,4.566210045662101,0.0,17.87912640021173
2023-01-20 13:00:00,4.6572051830883785,0.0020104082983562533,4.659215591386735,4.566210045662101,0.0,19.98379062909997
2023-01-20 14:00:00,4.472479977690981,0.0017038949498753802,4.4741838726408565,4.566210045662101,0.09202617302124416,16.977393451547933
2023-01-20 15:00:00,4.178624611869014,0.0,4.178624611869014,4.566210045662101,0.3875854337930864,18.232477684593007
2023-01-20 16:00:00,3.7956648431842916,0.0,3.7956648431842916,4.566210045662101,0.770545202477809,19.78550619714627
2023-01-20 17:00:00,3.349698747001737,0.09208196589894727,3.4417807129006843,4.566210045662101,1.1244293327614163,15.59659454433184
2023-01-20 18:00:00,2.871118175782371,0.1465942013881083,3.0177123771704792,4.566210045662101,1.5484976684916214,19.232298691792536
2023-01-20 19:00:00,0.0,0.0,0.0,4.566210045662101,4.566210045662101,17.820346857129245
2023-01-20 20:00:00,0.0,0.01343810268494243,0.01343810268494243,4.566210045662101,4.5527719429771585,18.420795218773296
2023-01-20 21:00:00,0.0,0.010701011084449503,0.010701011084449503,4.566210045662101,4.555509034577651,17.177060739893776
2023-01-20 22:00:00,0.0,1.7750785839146337,1.7750785839146337,4.566210045662101,2.791131461747467,18.838191395399296
2023-01-20 23:00:00,0.0,0.3115096903309388,0.3115096903309388,4.566210045662101,4.2547003553311615,15.718895276335076
2023-01-21 00:00:00,0.0,0.05221689061048314,0.05221689061048314,4.566210045662101,4.513993155051618,13.715482956802981
2023-01-21 01:00:00,0.0,0.010183751611128451,0.010183751611128451,4.566210045662101,4.556026294050972,15.471520006218313
2023-01-21 02:00:00,0.0,0.0013162275270191936,0.0013162275270191936,4.566210045662101,4.564893818135081,16.954985322638866
2023-01-21 03:00:00,0.0,0.49002614833690394,0.49002614833690394,4.566210045662101,4.076183897325197,16.585431341530345
2023-01-21 04:00:00,0.0,0.16189232645950752,0.16189232645950752,4.566210045662101,4.404317719202593,17.155477421461253
2023-01-21 05:00:00,0.0,0.051344206541428364,0.051344206541428364,4.566210045662101,4.514865839120672,16.214117808483582
2023-01-21 06:00:00,2.854102456135047,0.26074989114987046,3.1148523472849177,4.566210045662101,1.451357698377183,16.78402610988433
2023-01-21 07:00:00,3.3333112256497657,0.11235705952556227,3.4456682851753277,4.566210045662101,1.120541760486773,15.735850196910278
2023-01-21 08:00:00,3.779862709451991,2.406758281740534,6.186620991192525,4.566210045662101,0.0,22.40357454434956
2023-01-21 09:00:00,4.16332516188182,1.0274400920397992,5.19076525392162,4.566210045662101,0.0,16.705965230827353
2023-01-21 10:00:00,4.457566250507829,0.24972649675496622,4.707292747262795,4.566210045662101,0.0,18.018112774907014
2023-01-21 11:00:00,4.642533931396539,1.0280240607520186,5.670557992148558,4.566210045662101,0.0,18.094703814784143
2023-01-21 12:00:00,4.705622962768935,0.08551480627125516,4.79113776904019,4.566210045662101,0.0,21.36414279294237
2023-01-21 13:00:00,4.642533931396539,1.1917481422537714e-05,4.642545848877961,4.566210045662101,0.0,18.941618989338483
2023-01-21 14:00:00,4.457566250507829,0.3343744652573139,4.791940715765143,4.566210045662101,0.0,21.899407315846297
2023-01-21 15:00:00,4.16332516188182,0.02289800628506604,4.186223168166887,4.566210045662101,0.379986877495214,17.846710453122185
2023-01-21 16:00:00,3.779862709451991,0.0,3.779862709451991,4.566210045662101,0.7863473362101097,19.462409382423285
2023-01-21 17:00:00,3.3333112256497657,0.0,3.3333112256497657,4.566210045662101,1.232898820012335,16.870366633990148
2023-01-21 18:00:00,2.854102456135047,0.0,2.854102456135047,4.566210045662101,1.7121075895270534,22.400126200533002
2023-01-21 19:00:00,0.0,0.0,0.0,4.566210045662101,4.566210045662101,15.242904346038067
2023-01-21 20:00:00,0.0,0.039663194501019766,0.039663194501019766,4.566210045662101,4.526546851161081,17.693935459507543
2023-01-21 21:00:00,0.0,0.388897093476099,0.388897093476099,4.566210045662101,4.177312952186002,17.755264962743134
2023-01-21 22:00:00,0.0,0.0,0.0,4.566210045662101,4.566210045662101,16.695987459469087
2023-01-21 23:00:00,0.0,0.11499690837255647,0.11499690837255647,4.566210045662101,4.451213137289544,14.85634968239833
2023-01-22 00:00:00,0.0,0.007218937144053446,0.007218937144053446,4.566210045662101,4.558991108518047,14.074739122473678
2023-01-22 01:00:00,0.0,0.04617830706532342,0.04617830706532342,4.566210045662101,4.520031738596777,15.074634426999008
2023-01-22 02:00:00,0.0,0.07903786229876972,0.07903786229876972,4.566210045662101,4.487172183363331,15.334471744196156
2023-01-22 03:00:00,0.0,0.07985791022976238,0.07985791022976238,4.566210045662101,4.486352135432338,18.1755559173558
2023-01-22 04:00:00,0.0,0.5053279913387997,0.5053279913387997,4.566210045662101,4.060882054323301,21.255426525123234
2023-01-22 05:00:00,0.0,0.16973247634491265,0.16973247634491265,4.566210045662101,4.396477569317188,16.263204096968465
2023-01-22 06:00:00,2.837068874897082,0.796220560899263,3.633289435796345,4.566210045662101,0.9329206098657559,15.130308468715114
2023-01-22 07:00:00,3.3169178990419828,0.5269595274036272,3.84387742644561,4.566210045662101,0.7223326192164907,18.124583126694198
2023-01-22 08:00:00,3.7640660051794166,0.3473813446096779,4.111447349789095,4.566210045662101,0.454762695873006,23.82392621617136
2023-01-22 09:00:00,4.148040788823297,0.07222682803035561,4.220267616853653,4.566210045662101,0.3459424288084474,17.346429048557503
2023-01-22 10:00:00,4.44267500301663,0.08188000732269116,4.524555010339321,4.566210045662101,0.04165503532277981,22.442243264274005
2023-01-22 11:00:00,4.627889812968199,0.44433263119013794,5.072222444158337,4.566210045662101,0.0,22.647006456962465
2023-01-22 12:00:00,4.69106313546175,0.18323259947725024,4.874295734939,4.566210045662101,0.0,18.22720403852454
2023-01-22 13:00:00,4.627889812968199,0.0,4.627889812968199,4.566210045662101,0.0,20.42957098718013
2023-01-22 14:00:00,4.44267500301663,0.010702585970302094,4.453377588986932,4.566210045662101,0.11283245667516884,22.420802899642947
2023-01-22 15:00:00,4.148040788823297,0.04024648662844908,4.188287275451747,4.566210045662101,0.37792277021035403,18.19552270252199
2023-01-22 16:00:00,3.7640660051794166,0.0,3.7640660051794166,4.566210045662101,0.8021440404826841,18.257346820658004
2023-01-22 17:00:00,3.3169178990419828,0.004307891125512714,3.3212257901674955,4.566210045662101,1.2449842554946051,17.13778539549942
2023-01-22 18:00:00,2.837068874897082,0.0,2.837068874897082,4.566210045662101,1.7291411707650188,15.840400966487536
2023-01-22 19:00:00,0.0,0.005050916448413278,0.005050916448413278,4.566210045662101,4.561159129213688,16.07963257685212
2023-01-22 20:00:00,0.0,0.0,0.0,4.566210045662101,4.566210045662101,14.386499988416018
2023-01-22 21:00:00,0.0,0.0,0.0,4.566210045662101,4.566210045662101,16.315964620284433
2023-01-22 22:00:00,0.0,0.0,0.0,4.566210045662101,4.566210045662101,14.088529285335852
2023-01-22 23:00:00,0.0,0.029314717751337593,0.029314717751337593,4.566210045662101,4.536895327910763,15.454583306622286
2023-01-23 00:00:00,0.0,0.11001332004131725,0.11001332004131725,4.566210045662101,4.456196725620783,10.98435455774575
2023-01-23 01:00:00,0.0,0.009619847176769404,0.009619847176769404,4.566210045662101,4.556590198485331,15.410537275682175
2023-01-23 02:00:00,0.0,0.5501106807096829,0.5501106807096829,4.566210045662101,4.016099364952417,17.057298998883457
2023-01-23 03:00:00,0.0,0.004156320457836566,0.004156320457836566,4.566210045662101,4.562053725204264,12.022091726835543
2023-01-23 04:00:00,0.0,0.41999229363790525,0.41999229363790525,4.566210045662101,4.146217752024196,17.344258989848147
2023-01-23 05:00:00,0.0,0.07391162277907062,0.07391162277907062,4.566210045662101,4.49229842288303,19.595290980143194
2023-01-23 06:00:00,2.820022117466409,0.2342070639590732,3.054229181425482,4.566210045662101,1.5119808642366186,15.21239771870333
2023-01-23 07:00:00,3.3005227085400026,0.5700349393855855,3.870557647925588,4.566210045662101,0.6956523977365126,21.408057325284588
2023-01-23 08:00:00,3.7482779783967013,0.11794354504707447,3.866221523443776,4.566210045662101,0.6999885222183249,19.264310887807287
2023-01-23 09:00:00,4.132774145346342,0.1914042561469656,4.324178401493307,4.566210045662101,0.24203164416879375,17.30551980119262
2023-01-23 10:00:00,4.427808431021265,0.8280020578549541,5.255810488876219,4.566210045662101,0.0,18.814236826282933
2023-01-23 11:00:00,4.613274736419935,0.03252934717019167,4.645804083590127,4.566210045662101,0.0,20.1700239820655
2023-01-23 12:00:00,4.676533839326994,0.29618120891220706,4.972715048239201,4.566210045662101,0.0,19.248156632977828
2023-01-23 13:00:00,4.613274736419935,0.0,4.613274736419935,4.566210045662101,0.0,20.130882141914793
2023-01-23 14:00:00,4.427808431021265,0.04291676124949021,4.470725192270755,4.566210045662101,0.09548485339134594,17.084427795439613
2023-01-23 15:00:00,4.132774145346342,0.17275598917028648,4.305530134516628,4.566210045662101,0.2606799111454725,19.054265160781593
2023-01-23 16:00:00,3.7482779783967013,0.0,3.7482779783967013,4.566210045662101,0.8179320672653994,15.598843875265239
2023-01-23 17:00:00,3.3005227085400026,0.0,3.3005227085400026,4.566210045662101,1.265687337122098,17.84046042891178
2023-01-23 18:00:00,2.820022117466409,0.0032789198632086234,2.8233010373296175,4.566210045662101,1.7429090083324832,15.823864473156162
2023-01-23 19:00:00,0.0,0.0,0.0,4.566210045662101,4.566210045662101,15.668893110017075
2023-01-23 20:00:00,0.0,0.002725323254194297,0.002725323254194297,4.566210045662101,4.563484722407907,19.068332200573877
2023-01-23 21:00:00,0.0,0.0,0.0,4.566210045662101,4.566210045662101,18.19218325316699
2023-01-23 22:00:00,0.0,0.008728174135861343,0.008728174135861343,4.566210045662101,4.55748187152624,16.60851731747996
2023-01-23 23:00:00,0.0,0.012438671370466161,0.012438671370466161,4.566210045662101,4.553771374291634,12.564151281908105
2023-01-24 00:00:00,0.0,0.4466118072140619,0.4466118072140619,4.566210045662101,4.119598238448039,13.22684371837608
2023-01-24 01:00:00,0.0,0.19457561294704467,0.19457561294704467,4.566210045662101,4.371634432715056,16.938486978824308
2023-01-24 02:00:00,0.0,0.3596904462066935,0.3596904462066935,4.566210045662101,4.206519599455407,15.437189670558096
2023-01-24 03:00:00,0.0,0.1729501973777276,0.1729501973777276,4.566210045662101,4.393259848284373,20.411736859554523
2023-01-24 04:00:00,0.0,0.2175793707494471,0.2175793707494471,4.566210045662101,4.348630674912654,17.14629629655443
2023-01-24 05:00:00,0.0,0.2910578336370145,0.2910578336370145,4.566210045662101,4.275152212025086,17.287565995789347
2023-01-24 06:00:00,2.802966874617759,0.8482157913939417,3.651182666011701,4.566210045662101,0.9150273796503998,16.776961595293418
2023-01-24 07:00:00,3.284129586731257,0.29604813002170405,3.580177716752961,4.566210045662101,0.9860323289091397,18.093509128786426
2023-01-24 08:00:00,3.7325018551731985,0.6237478404325084,4.356249695605707,4.566210045662101,0.20996035005639335,17.884847963926788
2023-01-24 09:00:00,4.117527850819472,2.5517278716061096,6.669255722425581,4.566210045662101,0.0,19.8952756336993
2023-01-24 10:00:00,4.412968688352327,0.692640591019807,5.105609279372135,4.566210045662101,0.0,20.60269438280019
2023-01-24 11:00:00,4.59869056293297,0.05958996226199221,4.658280525194963,4.566210045662101,0.0,17.244906003618837
2023-01-24 12:00:00,4.662036835728636,0.4659529537402479,5.127989789468884,4.566210045662101,0.0,16.197194710650127
2023-01-24 13:00:00,4.59869056293297,0.0027035896238790163,4.601394152556849,4.566210045662101,0.0,15.144474178428142
2023-01-24 14:00:00,4.412968688352327,0.0,4.412968688352327,4.566210045662101,0.15324135730977329,19.705272403036112
2023-01-24 15:00:00,4.117527850819472,0.0,4.117527850819472,4.566210045662101,0.44868219484262895,16.27232506797437
2023-01-24 16:00:00,3.7325018551731985,0.0,3.7325018551731985,4.566210045662101,0.8337081904889021,13.884006450782913
2023-01-24 17:00:00,3.284129586731257,0.0,3.284129586731257,4.566210045662101,1.2820804589308437,18.60358452828379
2023-01-24 18:00:00,2.802966874617759,0.0,2.802966874617759,4.566210045662101,1.7632431710443415,22.381193558564004
2023-01-24 19:00:00,0.0,0.13328932893386825,0.13328932893386825,4.566210045662101,4.4329207167282325,16.8913259397295
2023-01-24 20:00:00,0.0,0.0015221781378312827,0.0015221781378312827,4.566210045662101,4.5646878675242695,18.03664216666897
2023-01-24 21:00:00,0.0,2.50728395912794e-07,2.50728395912794e-07,4.566210045662101,4.566209794933704,15.936736496686263
2023-01-24 22:00:00,0.0,0.0836500532726951,0.0836500532726951,4.566210045662101,4.4825599923894055,14.955976536896003
2023-01-24 23:00:00,0.0,0.0,0.0,4.566210045662101,4.566210045662101,16.35044454484148
2023-01-25 00:00:00,0.0,0.0916576922986592,0.0916576922986592,4.566210045662101,4.474552353363442,13.044445812079388
2023-01-25 01:00:00,0.0,0.4008639418349892,0.4008639418349892,4.566210045662101,4.165346103827112,14.812410489700754
2023-01-25 02:00:00,0.0,0.001331372817638766,0.001331372817638766,4.566210045662101,4.564878672844462,15.562485738361321
2023-01-25 03:00:00,0.0,1.1681381305928806,1.1681381305928806,4.566210045662101,3.3980719150692202,14.202231154996044
2023-01-25 04:00:00,0.0,0.6362539350458284,0.6362539350458284,4.566210045662101,3.9299561106162724,18.109079599529736
2023-01-25 05:00:00,0.0,0.2850889016557505,0.2850889016557505,4.566210045662101,4.281121144006351,16.318882532109477
2023-01-25 06:00:00,2.785907842068196,1.04251538977695,3.8284232318451457,4.566210045662101,0.737786813816955,15.64903848740374
2023-01-25 07:00:00,3.267742457826422,3.5967957824426247,6.864538240269047,4.566210045662101,0.0,18.664781289053675
2023-01-25 08:00:00,3.716740840790076,0.5297150079531407,4.246455848743217,4.566210045662101,0.3197541969188835,16.158185955796807
2023-01-25 09:00:00,4.102304493165096,0.4420410450513315,4.544345538216427,4.566210045662101,0.02186450744567381,18.30075487775138
2023-01-25 10:00:00,4.398157889216186,0.08615384717546967,4.484311736391656,4.566210045662101,0.08189830927044461,18.436386038613627
2023-01-25 11:00:00,4.5841391089233205,0.009255933990392503,4.593395042913713,4.566210045662101,0.0,20.7540103389889
2023-01-25 12:00:00,4.647573839511955,0.26758288038625944,4.915156719898214,4.566210045662101,0.0,19.5743913662166
2023-01-25 13:00:00,4.5841391089233205,0.0,4.5841391089233205,4.566210045662101,0.0,18.532165289835454
2023-01-25 14:00:00,4.398157889216186,0.0058868614505860626,4.404044750666772,4.566210045662101,0.1621652949953285,20.090156630302605
2023-01-25 15:00:00,4.102304493165096,0.0,4.102304493165096,4.566210045662101,0.46390555249700505,21.024807661047753
2023-01-25 16:00:00,3.716740840790076,0.0036757236540582807,3.7204165644441343,4.566210045662101,0.8457934812179664,19.070742532082612
2023-01-25 17:00:00,3.267742457826422,0.0002584736453938197,3.2680009314718155,4.566210045662101,1.2982091141902852,17.61246684159963
2023-01-25 18:00:00,2.785907842068196,0.021474842760203453,2.8073826848283994,4.566210045662101,1.7588273608337013,14.53685634168911
2023-01-25 19:00:00,0.0,0.0,0.0,4.566210045662101,4.566210045662101,14.538574719349551
2023-01-25 20:00:00,0.0,0.0,0.0,4.566210045662101,4.566210045662101,15.514545491747356
2023-01-25 21:00:00,0.0,0.0,0.0,4.566210045662101,4.566210045662101,14.319387657963574
2023-01-25 22:00:00,0.0,2.0499885012087004e-06,2.0499885012087004e-06,4.566210045662101,4.566207995673599,14.545147519998403
2023-01-25 23:00:00,0.0,0.05692770218854317,0.05692770218854317,4.566210045662101,4.509282343473558,14.390925711351166
2023-01-26 00:00:00,0.0,0.22746089804059083,0.22746089804059083,4.566210045662101,4.33874914762151,14.451603743456033
2023-01-26 01:00:00,0.0,0.005482437037421196,0.005482437037421196,4.566210045662101,4.5607276086246795,13.903851639724646
2023-01-26 02:00:00,0.0,0.6449872745063913,0.6449872745063913,4.566210045662101,3.9212227711557093,15.659316747907578
2023-01-26 03:00:00,0.0,1.3750967258292772,1.3750967258292772,4.566210045662101,3.1911133198328234,15.434584226188262
2023-01-26 04:00:00,0.0,0.6684865912624869,0.6684865912624869,4.566210045662101,3.897723454399614,11.94128510203483
2023-01-26 05:00:00,0.0,2.708239230961409,2.708239230961409,4.566210045662101,1.8579708147006917,14.557354592148664
2023-01-26 06:00:00,2.7688497200361932,0.1629338718972359,2.931783591933429,4.566210045662101,1.6344264537286715,16.63957702923208
2023-01-26 07:00:00,3.2513652380699325,0.05408723206426814,3.3054524701342007,4.566210045662101,1.2607575755279,14.939595450516533
2023-01-26 08:00:00,3.70099812094427,0.004177409683606645,3.7051755306278764,4.566210045662101,0.8610345150342242,18.92220271365717
2023-01-26 09:00:00,4.087106630744788,1.5516458980532575,5.638752528798046,4.566210045662101,0.0,21.0731175619864
2023-01-26 10:00:00,4.383378110603065,0.5005055792188139,4.883883689821879,4.566210045662101,0.0,20.659371069582544
2023-01-26 11:00:00,4.569622148778529,0.0962686501283598,4.665890798906888,4.566210045662101,0.0,17.922556799751206
2023-01-26 12:00:00,4.633146521852346,0.0943259485337007,4.727472470386047,4.566210045662101,0.0,21.373670508442476
2023-01-26 13:00:00,4.569622148778529,0.0,4.569622148778529,4.566210045662101,0.0,18.646777456015847
2023-01-26 14:00:00,4.383378110603065,0.8386077142516637,5.221985824854729,4.566210045662101,0.0,17.547675423951834
2023-01-26 15:00:00,4.087106630744788,0.0009811623112360752,4.088087793056024,4.566210045662101,0.47812225260607644,16.784810570217125
2023-01-26 16:00:00,3.70099812094427,1.3768251701036555e-05,3.701011889195971,4.566210045662101,0.8651981564661297,17.11740588068851
2023-01-26 17:00:00,3.2513652380699325,0.00594847078400186,3.2573137088539346,4.566210045662101,1.308896336808166,16.58263129911629
2023-01-26 18:00:00,2.7688497200361932,0.0006531455696968255,2.76950286560589,4.566210045662101,1.7967071800562104,17.268584585426286
2023-01-26 19:00:00,0.0,5.715249167127052e-06,5.715249167127052e-06,4.566210045662101,4.566204330412933,16.757173341885906
2023-01-26 20:00:00,0.0,0.0,0.0,4.566210045662101,4.566210045662101,15.8983102750494
2023-01-26 21:00:00,0.0,0.009358505851674557,0.009358505851674557,4.566210045662101,4.556851539810426,16.17951173606072
2023-01-26 22:00:00,0.0,0.43825165391554766,0.43825165391554766,4.566210045662101,4.127958391746553,17.06760600982786
2023-01-26 23:00:00,0.0,0.32795455574044335,0.32795455574044335,4.566210045662101,4.238255489921658,15.943957466725479
2023-01-27 00:00:00,0.0,0.6642232255802625,0.6642232255802625,4.566210045662101,3.901986820081838,10.191603660473309
2023-01-27 01:00:00,0.0,0.027009965291572943,0.027009965291572943,4.566210045662101,4.539200080370528,8.706188288669463
2023-01-27 02:00:00,0.0,0.01544008322151371,0.01544008322151371,4.566210045662101,4.550769962440587,16.324134645364268
2023-01-27 03:00:00,0.0,0.23827031372016863,0.23827031372016863,4.566210045662101,4.327939731941932,12.341059362367723
2023-01-27 04:00:00,0.0,0.4184458740196957,0.4184458740196957,4.566210045662101,4.147764171642405,15.21186879358775
2023-01-27 05:00:00,0.0,1.4399105344854912,1.4399105344854912,4.566210045662101,3.1262995111766094,13.864980690298001
2023-01-27 06:00:00,2.751797212791903,0.013351304139953217,2.7651485169318564,4.566210045662101,1.8010615287302443,13.092972628145814
2023-01-27 07:00:00,3.235001836160568,2.052665670695003,5.287667506855571,4.566210045662101,0.0,18.21109175523887
2023-01-27 08:00:00,3.685276862980054,0.31223743293831324,3.9975142959183674,4.566210045662101,0.5686957497437333,19.009836936900605
2023-01-27 09:00:00,4.071936794287278,0.14221598295148447,4.214152777238763,4.566210045662101,0.35205726842333807,16.62777645847611
2023-01-27 10:00:00,4.3686313947494,0.014117841590835028,4.382749236340235,4.566210045662101,0.1834608093218657,12.808944144528636
2023-01-27 11:00:00,4.555141417655941,0.0,4.555141417655941,4.566210045662101,0.01106862800615982,17.026135007737203
2023-01-27 12:00:00,4.6187565131682025,0.2405845939735042,4.859341107141707,4.566210045662101,0.0,18.94500760817821
2023-01-27 13:00:00,4.555141417655941,0.018748702315420866,4.573890119971361,4.566210045662101,0.0,15.16080076669391
2023-01-27 14:00:00,4.3686313947494,0.0,4.3686313947494,4.566210045662101,0.19757865091270066,18.357748568376767
2023-01-27 15:00:00,4.071936794287278,0.0,4.071936794287278,4.566210045662101,0.4942732513748229,17.75017756158356
2023-01-27 16:00:00,3.685276862980054,0.0,3.685276862980054,4.566210045662101,0.8809331826820466,18.650109615497488
2023-01-27 17:00:00,3.235001836160568,0.10928987276613006,3.344291708926698,4.566210045662101,1.2219183367354027,17.3673270356576
2023-01-27 18:00:00,2.751797212791903,0.0,2.751797212791903,4.566210045662101,1.8144128328701976,14.750795621542743
2023-01-27 19:00:00,0.0,0.0,0.0,4.566210045662101,4.566210045662101,18.598349745745704
2023-01-27 20:00:00,0.0,0.0,0.0,4.566210045662101,4.566210045662101,15.344340451319177
2023-01-27 21:00:00,0.0,0.0,0.0,4.566210045662101,4.566210045662101,15.020207680178702
2023-01-27 22:00:00,0.0,0.0,0.0,4.566210045662101,4.566210045662101,12.588958904739329
2023-01-27 23:00:00,0.0,0.011259550861064463,0.011259550861064463,4.566210045662101,4.554950494801036,12.927466056090354
2023-01-28 00:00:00,0.0,0.019469700383692105,0.019469700383692105,4.566210045662101,4.546740345278408,11.163001956838238
2023-01-28 01:00:00,0.0,0.3186154122366751,0.3186154122366751,4.566210045662101,4.247594633425425,13.239346226145452
2023-01-28 02:00:00,0.0,1.5719982167612456,1.5719982167612456,4.566210045662101,2.994211828900855,17.65011957068933
2023-01-28 03:00:00,0.0,1.0535346598204756,1.0535346598204756,4.566210045662101,3.512675385841625,12.102222260854777
2023-01-28 04:00:00,0.0,0.2529246018107838,0.2529246018107838,4.566210045662101,4.313285443851317,12.205484589138559
2023-01-28 05:00:00,0.0,0.06554132802323123,0.06554132802323123,4.566210045662101,4.500668717638869,18.918755184922862
2023-01-28 06:00:00,2.7347550281962456,4.215370520766958,6.950125548963204,4.566210045662101,0.0,16.049493936521046
2023-01-28 07:00:00,3.2186561536789347,0.47915874271073455,3.6978148963896693,4.566210045662101,0.8683951492724313,15.561228609028385
2023-01-28 08:00:00,3.6695802171443983,0.38018907511422595,4.049769292258624,4.566210045662101,0.5164407534034767,19.342543778606387
2023-01-28 09:00:00,4.0567974888547145,0.26597674545990957,4.322774234314624,4.566210045662101,0.24343581134747705,16.340773967974748
2023-01-28 10:00:00,4.353919751649622,0.24479102178132775,4.59871077343095,4.566210045662101,0.0,21.414255943431254
2023-01-28 11:00:00,4.540698614337403,0.06866121009374705,4.60935982443115,4.566210045662101,0.0,19.24568343443963
2023-01-28 12:00:00,4.6044054060925514,0.003906874092408859,4.60831228018496,4.566210045662101,0.0,16.956784568600636
2023-01-28 13:00:00,4.540698614337403,0.00015683590871756428,4.540855450246121,4.566210045662101,0.02535459541597973,22.2044481182921
2023-01-28 14:00:00,4.353919751649622,0.0015843131251955234,4.355504064774817,4.566210045662101,0.21070598088728332,16.550806670330704
2023-01-28 15:00:00,4.0567974888547145,0.0,4.0567974888547145,4.566210045662101,0.5094125568073862,19.03619579146709
2023-01-28 16:00:00,3.6695802171443983,0.0,3.6695802171443983,4.566210045662101,0.8966298285177023,17.86131956462722
2023-01-28 17:00:00,3.2186561536789347,0.0,3.2186561536789347,4.566210045662101,1.347553891983166,19.502856665145814
2023-01-28 18:00:00,2.7347550281962456,0.0,2.7347550281962456,4.566210045662101,1.831455017465855,19.591163684278484
2023-01-28 19:00:00,0.0,0.07120626897950134,0.07120626897950134,4.566210045662101,4.4950037766826,16.04042282806718
2023-01-28 20:00:00,0.0,0.0,0.0,4.566210045662101,4.566210045662101,13.925771644199674
2023-01-28 21:00:00,0.0,0.06049135732793081,0.06049135732793081,4.566210045662101,4.50571868833417,15.765968832595723
2023-01-28 22:00:00,0.0,0.15117065017025924,0.15117065017025924,4.566210045662101,4.415039395491841,12.871271870900433
2023-01-28 23:00:00,0.0,0.0,0.0,4.566210045662101,4.566210045662101,17.612012841045548
2023-01-29 00:00:00,0.0,0.011062943585173743,0.011062943585173743,4.566210045662101,4.555147102076927,12.978980055535123
2023-01-29 01:00:00,0.0,0.03456862866109341,0.03456862866109341,4.566210045662101,4.5316414170010075,12.627897251845688
2023-01-29 02:00:00,0.0,0.0008111744292962709,0.0008111744292962709,4.566210045662101,4.565398871232804,14.369365230612068
2023-01-29 03:00:00,0.0,0.05841971515925655,0.05841971515925655,4.566210045662101,4.507790330502844,11.925073976135705
2023-01-29 04:00:00,0.0,0.042395051385342594,0.042395051385342594,4.566210045662101,4.5238149942767585,13.262681316348345
2023-01-29 05:00:00,0.0,2.318810887829721,2.318810887829721,4.566210045662101,2.2473991578323798,18.150544354302102
2023-01-29 06:00:00,2.717727877226466,1.2342074701676313,3.9519353473940972,4.566210045662101,0.6142746982680034,14.927654741359595
2023-01-29 07:00:00,3.202332085518776,1.5900250583083098,4.792357143827085,4.566210045662101,0.0,14.578854129461945
2023-01-29 08:00:00,3.6539113178622844,0.8436349173868857,4.49754623524917,4.566210045662101,0.06866381041293046,18.109341917346416
2023-01-29 09:00:00,4.041691195842748,0.02050965713347206,4.06220085297622,4.566210045662101,0.5040091926858805,19.696715365252075
2023-01-29 10:00:00,4.339245161612345,0.0551258656599516,4.394371027272297,4.566210045662101,0.17183901838980375,18.97344514614512
2023-01-29 11:00:00,4.526295404135058,0.22239557438227256,4.748690978517331,4.566210045662101,0.0,19.655229071850332
2023-01-29 12:00:00,4.590094758498103,0.0,4.590094758498103,4.566210045662101,0.0,16.192319216230725
2023-01-29 13:00:00,4.526295404135058,0.09360562446945486,4.619901028604513,4.566210045662101,0.0,14.819512366755012
2023-01-29 14:00:00,4.339245161612345,6.0227950897511825e-05,4.3393053895632425,4.566210045662101,0.22690465609885813,20.538205828725964
2023-01-29 15:00:00,4.041691195842748,0.0,4.041691195842748,4.566210045662101,0.5245188498193523,16.67994737824181
2023-01-29 16:00:00,3.6539113178622844,0.006852398462393708,3.660763716324678,4.566210045662101,0.9054463293374226,16.53437037938175
2023-01-29 17:00:00,3.202332085518776,0.00021399213787006495,3.202546077656646,4.566210045662101,1.3636639680054548,19.32906437852394
2023-01-29 18:00:00,2.717727877226466,0.0,2.717727877226466,4.566210045662101,1.8484821684356345,17.353903318103704
2023-01-29 19:00:00,0.0,0.025023736745092603,0.025023736745092603,4.566210045662101,4.541186308917008,16.66149208257647
2023-01-29 20:00:00,0.0,0.0,0.0,4.566210045662101,4.566210045662101,19.535914083171818
2023-01-29 21:00:00,0.0,0.011847251032780393,0.011847251032780393,4.566210045662101,4.55436279462932,13.332290094434812
2023-01-29 22:00:00,0.0,0.029904463048748862,0.029904463048748862,4.566210045662101,4.536305582613352,15.855684875044727
2023-01-29 23:00:00,0.0,0.0017853615370242923,0.0017853615370242923,4.566210045662101,4.564424684125076,13.472566604264076
2023-01-30 00:00:00,0.0,0.07990264240383171,0.07990264240383171,4.566210045662101,4.486307403258269,13.01855735603988
2023-01-30 01:00:00,0.0,2.6389568626285886e-05,2.6389568626285886e-05,4.566210045662101,4.566183656093474,16.190940612238688
2023-01-30 02:00:00,0.0,0.5973664220020437,0.5973664220020437,4.566210045662101,3.968843623660057,14.791139536405217
2023-01-30 03:00:00,0.0,0.18637506349233202,0.18637506349233202,4.566210045662101,4.379834982169768,15.471382118238083
2023-01-30 04:00:00,0.0,0.14907350232138722,0.14907350232138722,4.566210045662101,4.417136543340713,17.12638747293297
2023-01-30 05:00:00,0.0,1.277337816122182,1.277337816122182,4.566210045662101,3.2888722295399186,14.795274484271198
2023-01-30 06:00:00,2.700720473485867,0.14825497188580936,2.8489754453716762,4.566210045662101,1.7172346002904244,14.33848736956809
2023-01-30 07:00:00,3.1860335203189063,0.02323677868262845,3.2092702990015347,4.566210045662101,1.356939746660566,14.358521111727475
2023-01-30 08:00:00,3.6382732850280055,0.007279130217253639,3.645552415245259,4.566210045662101,0.9206576304168417,12.878786638483554
2023-01-30 09:00:00,4.026620375009785,0.5688385896815852,4.59545896469137,4.566210045662101,0.0,21.213184720750444
2023-01-30 10:00:00,4.324609577855899,0.001947152332509676,4.3265567301884085,4.566210045662101,0.23965331547369217,15.104585198315341
2023-01-30 11:00:00,4.511933421842825,1.0238473890607678,5.535780810903592,4.566210045662101,0.0,16.996089858010873
2023-01-30 12:00:00,4.575826096570144,0.0,4.575826096570144,4.566210045662101,0.0,16.927746198535523
2023-01-30 13:00:00,4.511933421842825,0.4465037523510876,4.958437174193913,4.566210045662101,0.0,18.05341050080062
2023-01-30 14:00:00,4.324609577855899,0.00548176951877173,4.330091347374671,4.566210045662101,0.23611869828742993,18.9424763548373
2023-01-30 15:00:00,4.026620375009785,0.0,4.026620375009785,4.566210045662101,0.5395896706523153,18.821717437589292
2023-01-30 16:00:00,3.6382732850280055,0.0,3.6382732850280055,4.566210045662101,0.9279367606340951,15.645344940097683
2023-01-30 17:00:00,3.1860335203189063,4.4314580629158166e-05,3.1860778348995353,4.566210045662101,1.3801322107625653,16.11389607219672
2023-01-30 18:00:00,2.700720473485867,0.0,2.700720473485867,4.566210045662101,1.8654895721762337,16.582066605222703
2023-01-30 19:00:00,0.0,0.01850892127285922,0.01850892127285922,4.566210045662101,4.547701124389241,15.027797690989877
2023-01-30 20:00:00,0.0,0.0,0.0,4.566210045662101,4.566210045662101,18.196063950353352
2023-01-30 21:00:00,0.0,0.0002968667907816725,0.0002968667907816725,4.566210045662101,4.565913178871319,15.376739863415319
2023-01-30 22:00:00,0.0,0.0,0.0,4.566210045662101,4.566210045662101,15.245223595925605
2023-01-30 23:00:00,0.0,0.0072751326477714425,0.0072751326477714425,4.566210045662101,4.558934913014329,14.45976629674845
2023-01-31 00:00:00,0.0,0.07152607732427278,0.07152607732427278,4.566210045662101,4.494683968337828,14.60601184973286
